

/*******************************************************************************************
************************** OPEN SANS BOLD ********************************************
*******************************************************************************************/



// This font is a subset of the full font to reduce array size, ONLY these characters are present:
// !"#$%&'()*+,-./0123456789:;<=>?@ABCDEFGHIJKLMNOPQRSTUVWXYZ[\]^ _`aábcdefghiíjklmnoópqrstuúvwxyz{|}~ and the currency symbols £ ¥ € ₹ ₩ ₺

// array size is 17308

const unsigned char NotoSans_Bold[] PROGMEM  = {
  0x00, 0x01, 0x00, 0x00, 0x00, 0x11, 0x01, 0x00, 0x00, 0x04, 0x00, 0x10, 0x47, 0x44, 0x45, 0x46,
  0x00, 0xcf, 0x00, 0xfd, 0x00, 0x00, 0x43, 0x28, 0x00, 0x00, 0x00, 0x2e, 0x47, 0x50, 0x4f, 0x53,
  0x00, 0x19, 0x00, 0x0c, 0x00, 0x00, 0x43, 0x58, 0x00, 0x00, 0x00, 0x10, 0x47, 0x53, 0x55, 0x42,
  0x10, 0x79, 0x29, 0x85, 0x00, 0x00, 0x43, 0x68, 0x00, 0x00, 0x00, 0x32, 0x4f, 0x53, 0x2f, 0x32,
  0x7d, 0x01, 0x9d, 0x22, 0x00, 0x00, 0x01, 0x98, 0x00, 0x00, 0x00, 0x60, 0x63, 0x6d, 0x61, 0x70,
  0x47, 0x71, 0x48, 0xf0, 0x00, 0x00, 0x03, 0xa8, 0x00, 0x00, 0x00, 0xae, 0x63, 0x76, 0x74, 0x20,
  0x27, 0x08, 0x27, 0xd0, 0x00, 0x00, 0x0e, 0xb8, 0x00, 0x00, 0x01, 0x12, 0x66, 0x70, 0x67, 0x6d,
  0x36, 0x0b, 0x16, 0x0c, 0x00, 0x00, 0x04, 0x58, 0x00, 0x00, 0x07, 0xb4, 0x67, 0x61, 0x73, 0x70,
  0x00, 0x11, 0x00, 0x23, 0x00, 0x00, 0x43, 0x18, 0x00, 0x00, 0x00, 0x10, 0x67, 0x6c, 0x79, 0x66,
  0xd9, 0x9e, 0xd6, 0xc0, 0x00, 0x00, 0x10, 0xa8, 0x00, 0x00, 0x32, 0x16, 0x68, 0x65, 0x61, 0x64,
  0x1c, 0x52, 0x10, 0x58, 0x00, 0x00, 0x01, 0x1c, 0x00, 0x00, 0x00, 0x36, 0x68, 0x68, 0x65, 0x61,
  0x0f, 0xb4, 0x05, 0x8e, 0x00, 0x00, 0x01, 0x54, 0x00, 0x00, 0x00, 0x24, 0x68, 0x6d, 0x74, 0x78,
  0xe6, 0x61, 0x2b, 0xcb, 0x00, 0x00, 0x01, 0xf8, 0x00, 0x00, 0x01, 0xae, 0x6c, 0x6f, 0x63, 0x61,
  0xf9, 0xcb, 0xec, 0xb5, 0x00, 0x00, 0x0f, 0xcc, 0x00, 0x00, 0x00, 0xda, 0x6d, 0x61, 0x78, 0x70,
  0x02, 0xca, 0x03, 0xe0, 0x00, 0x00, 0x01, 0x78, 0x00, 0x00, 0x00, 0x20, 0x6e, 0x61, 0x6d, 0x65,
  0x02, 0x82, 0x0a, 0xbd, 0x00, 0x00, 0x42, 0xc0, 0x00, 0x00, 0x00, 0x38, 0x70, 0x6f, 0x73, 0x74,
  0xff, 0x69, 0x00, 0x66, 0x00, 0x00, 0x42, 0xf8, 0x00, 0x00, 0x00, 0x20, 0x70, 0x72, 0x65, 0x70,
  0xb5, 0xce, 0x23, 0x54, 0x00, 0x00, 0x0c, 0x0c, 0x00, 0x00, 0x02, 0xab, 0x00, 0x01, 0x00, 0x00,
  0x00, 0x01, 0x0a, 0x3d, 0x87, 0x50, 0xe2, 0x64, 0x5f, 0x0f, 0x3c, 0xf5, 0x00, 0x0b, 0x08, 0x00,
  0x00, 0x00, 0x00, 0x00, 0xcf, 0x2a, 0xbb, 0xa9, 0x00, 0x00, 0x00, 0x00, 0xe6, 0xe3, 0x00, 0x6c,
  0xff, 0x68, 0xfd, 0xdc, 0x07, 0xbc, 0x07, 0x2c, 0x00, 0x01, 0x00, 0x09, 0x00, 0x02, 0x00, 0x00,
  0x00, 0x00, 0x00, 0x00, 0x00, 0x01, 0x00, 0x00, 0x08, 0x8d, 0xfd, 0xa8, 0x00, 0x00, 0x07, 0xdb,
  0xff, 0x68, 0xff, 0x9f, 0x07, 0xbc, 0x00, 0x01, 0x00, 0x00, 0x00, 0x00, 0x00, 0x00, 0x00, 0x00,
  0x00, 0x00, 0x00, 0x00, 0x00, 0x00, 0x00, 0x6b, 0x00, 0x01, 0x00, 0x00, 0x00, 0x6c, 0x00, 0x4f,
  0x00, 0x07, 0x00, 0x2c, 0x00, 0x03, 0x00, 0x02, 0x00, 0x10, 0x00, 0x17, 0x00, 0x5c, 0x00, 0x00,
  0x01, 0xe5, 0x03, 0x4b, 0x00, 0x02, 0x00, 0x01, 0x00, 0x03, 0x04, 0xe6, 0x02, 0xbc, 0x00, 0x05,
  0x00, 0x08, 0x05, 0x9a, 0x05, 0x33, 0x00, 0x00, 0x01, 0x1f, 0x05, 0x9a, 0x05, 0x33, 0x00, 0x00,
  0x03, 0xd1, 0x00, 0x66, 0x02, 0x00, 0x08, 0x02, 0x02, 0x0b, 0x08, 0x02, 0x04, 0x05, 0x04, 0x02,
  0x02, 0x04, 0x00, 0x00, 0x00, 0x03, 0x00, 0x00, 0x00, 0x02, 0x00, 0x00, 0x00, 0x00, 0x00, 0x00,
  0x00, 0x00, 0x4d, 0x4f, 0x4e, 0x4f, 0x00, 0x20, 0x00, 0x20, 0x20, 0xba, 0x08, 0x8d, 0xfd, 0xa8,
  0x00, 0x00, 0x08, 0x8d, 0x02, 0x58, 0x20, 0x00, 0x01, 0x9f, 0xdf, 0xd7, 0x00, 0x00, 0x04, 0x5e,
  0x05, 0xb6, 0x00, 0x00, 0x00, 0x20, 0x00, 0x04, 0x04, 0xcd, 0x00, 0xc1, 0x04, 0x93, 0x00, 0x58,
  0x06, 0x00, 0x00, 0x52, 0x07, 0x2d, 0x00, 0x66, 0x05, 0x85, 0x00, 0x00, 0x05, 0x60, 0x00, 0xb8,
  0x05, 0x19, 0x00, 0x77, 0x05, 0xec, 0x00, 0xb8, 0x04, 0x7b, 0x00, 0xb8, 0x04, 0x64, 0x00, 0xb8,
  0x05, 0xcb, 0x00, 0x77, 0x06, 0x1f, 0x00, 0xb8, 0x03, 0x1d, 0x00, 0x42, 0x02, 0xa6, 0xff, 0x68,
  0x05, 0x50, 0x00, 0xb8, 0x04, 0x85, 0x00, 0xb8, 0x07, 0x8b, 0x00, 0xb8, 0x06, 0x81, 0x00, 0xb8,
  0x06, 0x5e, 0x00, 0x77, 0x05, 0x06, 0x00, 0xb8, 0x06, 0x5e, 0x00, 0x77, 0x05, 0x48, 0x00, 0xb8,
  0x04, 0x68, 0x00, 0x5e, 0x04, 0xa2, 0x00, 0x29, 0x06, 0x0c, 0x00, 0xae, 0x05, 0x33, 0x00, 0x00,
  0x07, 0xbc, 0x00, 0x00, 0x05, 0x56, 0x00, 0x00, 0x04, 0xfe, 0x00, 0x00, 0x04, 0xa2, 0x00, 0x31,
  0x04, 0xdb, 0x01, 0x4c, 0x04, 0xd5, 0x00, 0x56, 0x05, 0x10, 0x00, 0xa0, 0x04, 0x1d, 0x00, 0x5c,
  0x05, 0x10, 0x00, 0x5c, 0x04, 0xba, 0x00, 0x5c, 0x03, 0x19, 0x00, 0x29, 0x05, 0x10, 0x00, 0x5c,
  0x05, 0x42, 0x00, 0xa0, 0x02, 0x71, 0x00, 0x93, 0x02, 0x71, 0xff, 0x7d, 0x04, 0xf6, 0x00, 0xa0,
  0x02, 0x71, 0x00, 0xa0, 0x07, 0xdb, 0x00, 0xa0, 0x05, 0x42, 0x00, 0xa0, 0x04, 0xf4, 0x00, 0x5c,
  0x05, 0x10, 0x00, 0xa0, 0x05, 0x10, 0x00, 0x5c, 0x03, 0xa2, 0x00, 0xa0, 0x03, 0xfa, 0x00, 0x5c,
  0x03, 0x79, 0x00, 0x2f, 0x05, 0x42, 0x00, 0x9a, 0x04, 0x8d, 0x00, 0x00, 0x06, 0xd9, 0x00, 0x14,
  0x04, 0xa0, 0x00, 0x0a, 0x04, 0x8d, 0x00, 0x00, 0x03, 0xe7, 0x00, 0x37, 0x04, 0x93, 0x00, 0x52,
  0x04, 0x93, 0x00, 0x06, 0x04, 0xdb, 0x01, 0x4c, 0x04, 0xd5, 0x00, 0x56, 0x02, 0x71, 0x00, 0x91,
  0x04, 0xf4, 0x00, 0x5c, 0x05, 0x42, 0x00, 0x9a, 0x02, 0x71, 0x00, 0xa0, 0x04, 0x93, 0x00, 0x42,
  0x05, 0xe5, 0x00, 0x14, 0x04, 0x93, 0x00, 0x0a, 0x02, 0x14, 0x00, 0x00, 0x03, 0x39, 0x01, 0x0f,
  0x04, 0x5e, 0x00, 0xdf, 0x05, 0x53, 0x00, 0x4f, 0x07, 0x32, 0x00, 0x52, 0x02, 0xb8, 0x00, 0xdf,
  0x03, 0x17, 0x00, 0x87, 0x03, 0x17, 0x00, 0x69, 0x04, 0xdb, 0x00, 0x88, 0x04, 0x90, 0x00, 0x6c,
  0x02, 0x52, 0x00, 0x3f, 0x02, 0xed, 0x00, 0x6a, 0x02, 0x48, 0x00, 0x75, 0x03, 0xc6, 0x00, 0x48,
  0x04, 0x68, 0x00, 0x3f, 0x04, 0x68, 0x00, 0x5c, 0x04, 0x68, 0x00, 0x4e, 0x04, 0x68, 0x00, 0x39,
  0x04, 0x68, 0x00, 0x04, 0x04, 0x68, 0x00, 0x56, 0x04, 0x68, 0x00, 0x4c, 0x04, 0x68, 0x00, 0x37,
  0x04, 0x68, 0x00, 0x48, 0x04, 0x68, 0x00, 0x3f, 0x02, 0x97, 0x00, 0x9c, 0x02, 0x97, 0x00, 0x66,
  0x04, 0x90, 0x00, 0x6c, 0x04, 0x90, 0x00, 0x6c, 0x04, 0x90, 0x00, 0x6c, 0x04, 0x5a, 0x00, 0x7f,
  0x03, 0x1e, 0x00, 0xd6, 0x03, 0xc6, 0x00, 0x48, 0x03, 0x1e, 0x00, 0x64, 0x04, 0x90, 0x00, 0x2d,
  0x03, 0x4a, 0xff, 0xfc, 0x03, 0x68, 0x00, 0x4e, 0x04, 0x51, 0x01, 0x5c, 0x03, 0x68, 0x00, 0x64,
  0x04, 0x90, 0x00, 0x6c, 0x00, 0x7c, 0x00, 0x00, 0x00, 0x00, 0x00, 0x01, 0x00, 0x03, 0x00, 0x01,
  0x00, 0x00, 0x00, 0x0c, 0x00, 0x04, 0x00, 0xa2, 0x00, 0x00, 0x00, 0x20, 0x00, 0x20, 0x00, 0x04,
  0x00, 0x00, 0x00, 0x26, 0x00, 0x3f, 0x00, 0x5a, 0x00, 0x5f, 0x00, 0x7a, 0x00, 0x7e, 0x00, 0xa3,
  0x00, 0xa5, 0x00, 0xe1, 0x00, 0xed, 0x00, 0xf3, 0x00, 0xfa, 0x20, 0xa9, 0x20, 0xac, 0x20, 0xba,
  0xff, 0xff, 0x00, 0x00, 0x00, 0x20, 0x00, 0x27, 0x00, 0x40, 0x00, 0x5b, 0x00, 0x60, 0x00, 0x7b,
  0x00, 0xa3, 0x00, 0xa5, 0x00, 0xe1, 0x00, 0xed, 0x00, 0xf3, 0x00, 0xfa, 0x20, 0xa9, 0x20, 0xac,
  0x20, 0xb9, 0xff, 0xff, 0x00, 0x00, 0x00, 0x22, 0xff, 0xc3, 0x00, 0x07, 0xff, 0xbe, 0xff, 0xec,
  0xff, 0x96, 0xff, 0x95, 0xff, 0x5b, 0xff, 0x50, 0xff, 0x4b, 0xff, 0x45, 0xdf, 0x99, 0xdf, 0x95,
  0x00, 0x00, 0x00, 0x01, 0x00, 0x20, 0x00, 0x00, 0x00, 0x00, 0x00, 0x00, 0x00, 0x00, 0x00, 0x00,
  0x00, 0x00, 0x00, 0x00, 0x00, 0x00, 0x00, 0x00, 0x00, 0x00, 0x00, 0x00, 0x00, 0x00, 0x00, 0x00,
  0x00, 0x12, 0x00, 0x00, 0x00, 0x44, 0x00, 0x45, 0x00, 0x46, 0x00, 0x47, 0x00, 0x01, 0x00, 0x48,
  0x00, 0x02, 0x00, 0x6b, 0x00, 0x43, 0x00, 0x00, 0x40, 0x47, 0x5b, 0x5a, 0x59, 0x58, 0x55, 0x54,
  0x53, 0x52, 0x51, 0x50, 0x4f, 0x4e, 0x4d, 0x4c, 0x4b, 0x4a, 0x49, 0x48, 0x47, 0x46, 0x45, 0x44,
  0x43, 0x42, 0x41, 0x40, 0x3f, 0x3e, 0x3d, 0x3c, 0x3b, 0x3a, 0x39, 0x38, 0x37, 0x36, 0x35, 0x31,
  0x30, 0x2f, 0x2e, 0x2d, 0x2c, 0x28, 0x27, 0x26, 0x25, 0x24, 0x23, 0x22, 0x21, 0x1f, 0x18, 0x14,
  0x11, 0x10, 0x0f, 0x0e, 0x0d, 0x0b, 0x0a, 0x09, 0x08, 0x07, 0x06, 0x05, 0x04, 0x03, 0x02, 0x01,
  0x00, 0x2c, 0x20, 0xb0, 0x01, 0x60, 0x45, 0xb0, 0x03, 0x25, 0x20, 0x11, 0x46, 0x61, 0x23, 0x45,
  0x23, 0x61, 0x48, 0x2d, 0x2c, 0x20, 0x45, 0x18, 0x68, 0x44, 0x2d, 0x2c, 0x45, 0x23, 0x46, 0x60,
  0xb0, 0x20, 0x61, 0x20, 0xb0, 0x46, 0x60, 0xb0, 0x04, 0x26, 0x23, 0x48, 0x48, 0x2d, 0x2c, 0x45,
  0x23, 0x46, 0x23, 0x61, 0xb0, 0x20, 0x60, 0x20, 0xb0, 0x26, 0x61, 0xb0, 0x20, 0x61, 0xb0, 0x04,
  0x26, 0x23, 0x48, 0x48, 0x2d, 0x2c, 0x45, 0x23, 0x46, 0x60, 0xb0, 0x40, 0x61, 0x20, 0xb0, 0x66,
  0x60, 0xb0, 0x04, 0x26, 0x23, 0x48, 0x48, 0x2d, 0x2c, 0x45, 0x23, 0x46, 0x23, 0x61, 0xb0, 0x40,
  0x60, 0x20, 0xb0, 0x26, 0x61, 0xb0, 0x40, 0x61, 0xb0, 0x04, 0x26, 0x23, 0x48, 0x48, 0x2d, 0x2c,
  0x01, 0x10, 0x20, 0x3c, 0x00, 0x3c, 0x2d, 0x2c, 0x20, 0x45, 0x23, 0x20, 0xb0, 0xcd, 0x44, 0x23,
  0x20, 0xb8, 0x01, 0x5a, 0x51, 0x58, 0x23, 0x20, 0xb0, 0x8d, 0x44, 0x23, 0x59, 0x20, 0xb0, 0xed,
  0x51, 0x58, 0x23, 0x20, 0xb0, 0x4d, 0x44, 0x23, 0x59, 0x20, 0xb0, 0x04, 0x26, 0x51, 0x58, 0x23,
  0x20, 0xb0, 0x0d, 0x44, 0x23, 0x59, 0x21, 0x21, 0x2d, 0x2c, 0x20, 0x20, 0x45, 0x18, 0x68, 0x44,
  0x20, 0xb0, 0x01, 0x60, 0x20, 0x45, 0xb0, 0x46, 0x76, 0x68, 0x8a, 0x45, 0x60, 0x44, 0x2d, 0x2c,
  0x01, 0xb1, 0x0b, 0x0a, 0x43, 0x23, 0x43, 0x65, 0x0a, 0x2d, 0x2c, 0x00, 0xb1, 0x0a, 0x0b, 0x43,
  0x23, 0x43, 0x0b, 0x2d, 0x2c, 0x00, 0xb0, 0x28, 0x23, 0x70, 0xb1, 0x01, 0x28, 0x3e, 0x01, 0xb0,
  0x28, 0x23, 0x70, 0xb1, 0x02, 0x28, 0x45, 0x3a, 0xb1, 0x02, 0x00, 0x08, 0x0d, 0x2d, 0x2c, 0x20,
  0x45, 0xb0, 0x03, 0x25, 0x45, 0x61, 0x64, 0xb0, 0x50, 0x51, 0x58, 0x45, 0x44, 0x1b, 0x21, 0x21,
  0x59, 0x2d, 0x2c, 0x49, 0xb0, 0x0e, 0x23, 0x44, 0x2d, 0x2c, 0x20, 0x45, 0xb0, 0x00, 0x43, 0x60,
  0x44, 0x2d, 0x2c, 0x01, 0xb0, 0x06, 0x43, 0xb0, 0x07, 0x43, 0x65, 0x0a, 0x2d, 0x2c, 0x20, 0x69,
  0xb0, 0x40, 0x61, 0xb0, 0x00, 0x8b, 0x20, 0xb1, 0x2c, 0xc0, 0x8a, 0x8c, 0xb8, 0x10, 0x00, 0x62,
  0x60, 0x2b, 0x0c, 0x64, 0x23, 0x64, 0x61, 0x5c, 0x58, 0xb0, 0x03, 0x61, 0x59, 0x2d, 0x2c, 0x8a,
  0x03, 0x45, 0x8a, 0x8a, 0x87, 0xb0, 0x11, 0x2b, 0xb0, 0x29, 0x23, 0x44, 0xb0, 0x29, 0x7a, 0xe4,
  0x18, 0x2d, 0x2c, 0x45, 0x65, 0xb0, 0x2c, 0x23, 0x44, 0x45, 0xb0, 0x2b, 0x23, 0x44, 0x2d, 0x2c,
  0x4b, 0x52, 0x58, 0x45, 0x44, 0x1b, 0x21, 0x21, 0x59, 0x2d, 0x2c, 0x4b, 0x51, 0x58, 0x45, 0x44,
  0x1b, 0x21, 0x21, 0x59, 0x2d, 0x2c, 0x01, 0xb0, 0x05, 0x25, 0x10, 0x23, 0x20, 0x8a, 0xf5, 0x00,
  0xb0, 0x01, 0x60, 0x23, 0xed, 0xec, 0x2d, 0x2c, 0x01, 0xb0, 0x05, 0x25, 0x10, 0x23, 0x20, 0x8a,
  0xf5, 0x00, 0xb0, 0x01, 0x61, 0x23, 0xed, 0xec, 0x2d, 0x2c, 0x01, 0xb0, 0x06, 0x25, 0x10, 0xf5,
  0x00, 0xed, 0xec, 0x2d, 0x2c, 0xb0, 0x02, 0x43, 0xb0, 0x01, 0x52, 0x58, 0x21, 0x21, 0x21, 0x21,
  0x21, 0x1b, 0x46, 0x23, 0x46, 0x60, 0x8a, 0x8a, 0x46, 0x23, 0x20, 0x46, 0x8a, 0x60, 0x8a, 0x61,
  0xb8, 0xff, 0x80, 0x62, 0x23, 0x20, 0x10, 0x23, 0x8a, 0xb1, 0x0c, 0x0c, 0x8a, 0x70, 0x45, 0x60,
  0x20, 0xb0, 0x00, 0x50, 0x58, 0xb0, 0x01, 0x61, 0xb8, 0xff, 0xba, 0x8b, 0x1b, 0xb0, 0x46, 0x8c,
  0x59, 0xb0, 0x10, 0x60, 0x68, 0x01, 0x3a, 0x59, 0x2d, 0x2c, 0x20, 0x45, 0xb0, 0x03, 0x25, 0x46,
  0x52, 0x4b, 0xb0, 0x13, 0x51, 0x5b, 0x58, 0xb0, 0x02, 0x25, 0x46, 0x20, 0x68, 0x61, 0xb0, 0x03,
  0x25, 0xb0, 0x03, 0x25, 0x3f, 0x23, 0x21, 0x38, 0x1b, 0x21, 0x11, 0x59, 0x2d, 0x2c, 0x20, 0x45,
  0xb0, 0x03, 0x25, 0x46, 0x50, 0x58, 0xb0, 0x02, 0x25, 0x46, 0x20, 0x68, 0x61, 0xb0, 0x03, 0x25,
  0xb0, 0x03, 0x25, 0x3f, 0x23, 0x21, 0x38, 0x1b, 0x21, 0x11, 0x59, 0x2d, 0x2c, 0x00, 0xb0, 0x07,
  0x43, 0xb0, 0x06, 0x43, 0x0b, 0x2d, 0x2c, 0x20, 0xb0, 0x03, 0x25, 0x45, 0x50, 0x58, 0x8a, 0x20,
  0x45, 0x8a, 0x8b, 0x44, 0x21, 0x1b, 0x21, 0x45, 0x44, 0x59, 0x2d, 0x2c, 0x21, 0xb0, 0x80, 0x51,
  0x58, 0x0c, 0x64, 0x23, 0x64, 0x8b, 0xb8, 0x20, 0x00, 0x62, 0x1b, 0xb2, 0x00, 0x40, 0x2f, 0x2b,
  0x59, 0xb0, 0x02, 0x60, 0x2d, 0x2c, 0x21, 0xb0, 0xc0, 0x51, 0x58, 0x0c, 0x64, 0x23, 0x64, 0x8b,
  0xb8, 0x15, 0x55, 0x62, 0x1b, 0xb2, 0x00, 0x80, 0x2f, 0x2b, 0x59, 0xb0, 0x02, 0x60, 0x2d, 0x2c,
  0x0c, 0x64, 0x23, 0x64, 0x8b, 0xb8, 0x40, 0x00, 0x62, 0x60, 0x23, 0x21, 0x2d, 0x2c, 0x4b, 0x53,
  0x58, 0x8a, 0xb0, 0x04, 0x25, 0x49, 0x64, 0x23, 0x45, 0x69, 0xb0, 0x40, 0x8b, 0x61, 0xb0, 0x80,
  0x62, 0xb0, 0x20, 0x61, 0x6a, 0xb0, 0x0e, 0x23, 0x44, 0x23, 0x10, 0xb0, 0x0e, 0xf6, 0x1b, 0x21,
  0x23, 0x8a, 0x12, 0x11, 0x20, 0x39, 0x2f, 0x59, 0x2d, 0x2c, 0x4b, 0x53, 0x58, 0x20, 0xb0, 0x03,
  0x25, 0x49, 0x64, 0x69, 0x20, 0xb0, 0x05, 0x26, 0xb0, 0x06, 0x25, 0x49, 0x64, 0x23, 0x61, 0xb0,
  0x80, 0x62, 0xb0, 0x20, 0x61, 0x6a, 0xb0, 0x0e, 0x23, 0x44, 0xb0, 0x04, 0x26, 0x10, 0xb0, 0x0e,
  0xf6, 0x8a, 0x10, 0xb0, 0x0e, 0x23, 0x44, 0xb0, 0x0e, 0xf6, 0xb0, 0x0e, 0x23, 0x44, 0xb0, 0x0e,
  0xed, 0x1b, 0x8a, 0xb0, 0x04, 0x26, 0x11, 0x12, 0x20, 0x39, 0x23, 0x20, 0x39, 0x2f, 0x2f, 0x59,
  0x2d, 0x2c, 0x45, 0x23, 0x45, 0x60, 0x23, 0x45, 0x60, 0x23, 0x45, 0x60, 0x23, 0x76, 0x68, 0x18,
  0xb0, 0x80, 0x62, 0x20, 0x2d, 0x2c, 0xb0, 0x48, 0x2b, 0x2d, 0x2c, 0x20, 0x45, 0xb0, 0x00, 0x54,
  0x58, 0xb0, 0x40, 0x44, 0x20, 0x45, 0xb0, 0x40, 0x61, 0x44, 0x1b, 0x21, 0x21, 0x59, 0x2d, 0x2c,
  0x45, 0xb1, 0x30, 0x2f, 0x45, 0x23, 0x45, 0x61, 0x60, 0xb0, 0x01, 0x60, 0x69, 0x44, 0x2d, 0x2c,
  0x4b, 0x51, 0x58, 0xb0, 0x2f, 0x23, 0x70, 0xb0, 0x14, 0x23, 0x42, 0x1b, 0x21, 0x21, 0x59, 0x2d,
  0x2c, 0x4b, 0x51, 0x58, 0x20, 0xb0, 0x03, 0x25, 0x45, 0x69, 0x53, 0x58, 0x44, 0x1b, 0x21, 0x21,
  0x59, 0x1b, 0x21, 0x21, 0x59, 0x2d, 0x2c, 0x45, 0xb0, 0x14, 0x43, 0xb0, 0x00, 0x60, 0x63, 0xb0,
  0x01, 0x60, 0x69, 0x44, 0x2d, 0x2c, 0xb0, 0x2f, 0x45, 0x44, 0x2d, 0x2c, 0x45, 0x23, 0x20, 0x45,
  0x8a, 0x60, 0x44, 0x2d, 0x2c, 0x45, 0x23, 0x45, 0x60, 0x44, 0x2d, 0x2c, 0x4b, 0x23, 0x51, 0x58,
  0xb9, 0x00, 0x33, 0xff, 0xe0, 0xb1, 0x34, 0x20, 0x1b, 0xb3, 0x33, 0x00, 0x34, 0x00, 0x59, 0x44,
  0x44, 0x2d, 0x2c, 0xb0, 0x16, 0x43, 0x58, 0xb0, 0x03, 0x26, 0x45, 0x8a, 0x58, 0x64, 0x66, 0xb0,
  0x1f, 0x60, 0x1b, 0x64, 0xb0, 0x20, 0x60, 0x66, 0x20, 0x58, 0x1b, 0x21, 0xb0, 0x40, 0x59, 0xb0,
  0x01, 0x61, 0x59, 0x23, 0x58, 0x65, 0x59, 0xb0, 0x29, 0x23, 0x44, 0x23, 0x10, 0xb0, 0x29, 0xe0,
  0x1b, 0x21, 0x21, 0x21, 0x21, 0x21, 0x59, 0x2d, 0x2c, 0xb0, 0x02, 0x43, 0x54, 0x58, 0x4b, 0x53,
  0x23, 0x4b, 0x51, 0x5a, 0x58, 0x38, 0x1b, 0x21, 0x21, 0x59, 0x1b, 0x21, 0x21, 0x21, 0x21, 0x59,
  0x2d, 0x2c, 0xb0, 0x16, 0x43, 0x58, 0xb0, 0x04, 0x25, 0x45, 0x64, 0xb0, 0x20, 0x60, 0x66, 0x20,
  0x58, 0x1b, 0x21, 0xb0, 0x40, 0x59, 0xb0, 0x01, 0x61, 0x23, 0x58, 0x1b, 0x65, 0x59, 0xb0, 0x29,
  0x23, 0x44, 0xb0, 0x05, 0x25, 0xb0, 0x08, 0x25, 0x08, 0x20, 0x58, 0x02, 0x1b, 0x03, 0x59, 0xb0,
  0x04, 0x25, 0x10, 0xb0, 0x05, 0x25, 0x20, 0x46, 0xb0, 0x04, 0x25, 0x23, 0x42, 0x3c, 0xb0, 0x04,
  0x25, 0xb0, 0x07, 0x25, 0x08, 0xb0, 0x07, 0x25, 0x10, 0xb0, 0x06, 0x25, 0x20, 0x46, 0xb0, 0x04,
  0x25, 0xb0, 0x01, 0x60, 0x23, 0x42, 0x3c, 0x20, 0x58, 0x01, 0x1b, 0x00, 0x59, 0xb0, 0x04, 0x25,
  0x10, 0xb0, 0x05, 0x25, 0xb0, 0x29, 0xe0, 0xb0, 0x29, 0x20, 0x45, 0x65, 0x44, 0xb0, 0x07, 0x25,
  0x10, 0xb0, 0x06, 0x25, 0xb0, 0x29, 0xe0, 0xb0, 0x05, 0x25, 0xb0, 0x08, 0x25, 0x08, 0x20, 0x58,
  0x02, 0x1b, 0x03, 0x59, 0xb0, 0x05, 0x25, 0xb0, 0x03, 0x25, 0x43, 0x48, 0xb0, 0x04, 0x25, 0xb0,
  0x07, 0x25, 0x08, 0xb0, 0x06, 0x25, 0xb0, 0x03, 0x25, 0xb0, 0x01, 0x60, 0x43, 0x48, 0x1b, 0x21,
  0x59, 0x21, 0x21, 0x21, 0x21, 0x21, 0x21, 0x21, 0x2d, 0x2c, 0x02, 0xb0, 0x04, 0x25, 0x20, 0x20,
  0x46, 0xb0, 0x04, 0x25, 0x23, 0x42, 0xb0, 0x05, 0x25, 0x08, 0xb0, 0x03, 0x25, 0x45, 0x48, 0x21,
  0x21, 0x21, 0x21, 0x2d, 0x2c, 0x02, 0xb0, 0x03, 0x25, 0x20, 0xb0, 0x04, 0x25, 0x08, 0xb0, 0x02,
  0x25, 0x43, 0x48, 0x21, 0x21, 0x21, 0x2d, 0x2c, 0x45, 0x23, 0x20, 0x45, 0x18, 0x20, 0xb0, 0x00,
  0x50, 0x20, 0x58, 0x23, 0x65, 0x23, 0x59, 0x23, 0x68, 0x20, 0xb0, 0x40, 0x50, 0x58, 0x21, 0xb0,
  0x40, 0x59, 0x23, 0x58, 0x65, 0x59, 0x8a, 0x60, 0x44, 0x2d, 0x2c, 0x4b, 0x53, 0x23, 0x4b, 0x51,
  0x5a, 0x58, 0x20, 0x45, 0x8a, 0x60, 0x44, 0x1b, 0x21, 0x21, 0x59, 0x2d, 0x2c, 0x4b, 0x54, 0x58,
  0x20, 0x45, 0x8a, 0x60, 0x44, 0x1b, 0x21, 0x21, 0x59, 0x2d, 0x2c, 0x4b, 0x53, 0x23, 0x4b, 0x51,
  0x5a, 0x58, 0x38, 0x1b, 0x21, 0x21, 0x59, 0x2d, 0x2c, 0xb0, 0x00, 0x21, 0x4b, 0x54, 0x58, 0x38,
  0x1b, 0x21, 0x21, 0x59, 0x2d, 0x2c, 0xb0, 0x02, 0x43, 0x54, 0x58, 0xb0, 0x46, 0x2b, 0x1b, 0x21,
  0x21, 0x21, 0x21, 0x59, 0x2d, 0x2c, 0xb0, 0x02, 0x43, 0x54, 0x58, 0xb0, 0x47, 0x2b, 0x1b, 0x21,
  0x21, 0x21, 0x59, 0x2d, 0x2c, 0x20, 0xb0, 0x02, 0x54, 0x23, 0xb0, 0x00, 0x54, 0x5b, 0x58, 0xb0,
  0x80, 0xb0, 0x02, 0x43, 0x50, 0xb0, 0x01, 0xb0, 0x02, 0x43, 0x54, 0x5b, 0x58, 0x21, 0x21, 0x21,
  0x21, 0x1b, 0xb0, 0x48, 0x2b, 0x59, 0x1b, 0xb0, 0x80, 0xb0, 0x02, 0x43, 0x50, 0xb0, 0x01, 0xb0,
  0x02, 0x43, 0x54, 0x5b, 0x58, 0xb0, 0x48, 0x2b, 0x1b, 0x21, 0x21, 0x21, 0x21, 0x59, 0x59, 0x2d,
  0x2c, 0x20, 0xb0, 0x02, 0x54, 0x23, 0xb0, 0x00, 0x54, 0x5b, 0x58, 0xb0, 0x80, 0xb0, 0x02, 0x43,
  0x50, 0xb0, 0x01, 0xb0, 0x02, 0x43, 0x54, 0x5b, 0x58, 0x21, 0x21, 0x21, 0x1b, 0xb0, 0x49, 0x2b,
  0x59, 0x1b, 0xb0, 0x80, 0xb0, 0x02, 0x43, 0x50, 0xb0, 0x01, 0xb0, 0x02, 0x43, 0x54, 0x5b, 0x58,
  0xb0, 0x49, 0x2b, 0x1b, 0x21, 0x21, 0x21, 0x59, 0x59, 0x2d, 0x2c, 0x20, 0x8a, 0x08, 0x23, 0x4b,
  0x53, 0x8a, 0x4b, 0x51, 0x5a, 0x58, 0x23, 0x38, 0x1b, 0x21, 0x21, 0x59, 0x2d, 0x2c, 0x00, 0xb0,
  0x02, 0x25, 0x11, 0xb0, 0x02, 0x25, 0x49, 0x6a, 0x20, 0xb0, 0x00, 0x53, 0x58, 0xb0, 0x40, 0x60,
  0x38, 0x1b, 0x21, 0x21, 0x59, 0x2d, 0x2c, 0x00, 0xb0, 0x02, 0x25, 0x11, 0xb0, 0x02, 0x25, 0x49,
  0x6a, 0x20, 0xb0, 0x00, 0x51, 0x58, 0xb0, 0x40, 0x61, 0x38, 0x1b, 0x21, 0x21, 0x59, 0x2d, 0x2c,
  0x20, 0x8a, 0x23, 0x49, 0x64, 0x8a, 0x23, 0x53, 0x58, 0x3c, 0x1b, 0x21, 0x59, 0x2d, 0x2c, 0x4b,
  0x52, 0x58, 0x7d, 0x1b, 0x7a, 0x59, 0x2d, 0x2c, 0xb0, 0x12, 0x00, 0x4b, 0x01, 0x4b, 0x54, 0x42,
  0x2d, 0x2c, 0xb1, 0x02, 0x01, 0x42, 0xb1, 0x23, 0x01, 0x88, 0x51, 0xb1, 0x40, 0x01, 0x88, 0x53,
  0x5a, 0x58, 0xb1, 0x02, 0x00, 0x42, 0xb9, 0x10, 0x00, 0x00, 0x20, 0x88, 0x54, 0x58, 0xb2, 0x02,
  0x01, 0x02, 0x43, 0x60, 0x42, 0x59, 0xb1, 0x24, 0x01, 0x88, 0x51, 0x58, 0xb9, 0x20, 0x00, 0x00,
  0x40, 0x88, 0x54, 0x58, 0xb2, 0x02, 0x02, 0x02, 0x43, 0x60, 0x42, 0xb1, 0x24, 0x01, 0x88, 0x54,
  0x58, 0xb2, 0x02, 0x20, 0x02, 0x43, 0x60, 0x42, 0x00, 0x4b, 0x01, 0x4b, 0x52, 0x58, 0xb2, 0x02,
  0x08, 0x02, 0x43, 0x60, 0x42, 0x59, 0x1b, 0xb9, 0x40, 0x00, 0x00, 0x80, 0x88, 0x54, 0x58, 0xb2,
  0x02, 0x04, 0x02, 0x43, 0x60, 0x42, 0x59, 0xb9, 0x40, 0x00, 0x00, 0x80, 0x63, 0xb8, 0x01, 0x00,
  0x88, 0x54, 0x58, 0xb2, 0x02, 0x08, 0x02, 0x43, 0x60, 0x42, 0x59, 0xb9, 0x40, 0x00, 0x01, 0x00,
  0x63, 0xb8, 0x02, 0x00, 0x88, 0x54, 0x58, 0xb2, 0x02, 0x10, 0x02, 0x43, 0x60, 0x42, 0x59, 0xb1,
  0x26, 0x01, 0x88, 0x51, 0x58, 0xb9, 0x40, 0x00, 0x02, 0x00, 0x63, 0xb8, 0x04, 0x00, 0x88, 0x54,
  0x58, 0xb2, 0x02, 0x40, 0x02, 0x43, 0x60, 0x42, 0x59, 0xb9, 0x40, 0x00, 0x04, 0x00, 0x63, 0xb8,
  0x08, 0x00, 0x88, 0x54, 0x58, 0xb2, 0x02, 0x80, 0x02, 0x43, 0x60, 0x42, 0x59, 0x59, 0x59, 0x59,
  0x59, 0x59, 0xb1, 0x00, 0x02, 0x43, 0x54, 0x58, 0xb1, 0x02, 0x01, 0x42, 0x59, 0x2d, 0x2c, 0x45,
  0x18, 0x68, 0x23, 0x4b, 0x51, 0x58, 0x23, 0x20, 0x45, 0x20, 0x64, 0xb0, 0x40, 0x50, 0x58, 0x7c,
  0x59, 0x68, 0x8a, 0x60, 0x59, 0x44, 0x2d, 0x2c, 0xb0, 0x00, 0x16, 0xb0, 0x02, 0x25, 0xb0, 0x02,
  0x25, 0x01, 0xb0, 0x01, 0x23, 0x3e, 0x00, 0xb0, 0x02, 0x23, 0x3e, 0xb1, 0x01, 0x02, 0x06, 0x0c,
  0xb0, 0x0a, 0x23, 0x65, 0x42, 0xb0, 0x0b, 0x23, 0x42, 0x01, 0xb0, 0x01, 0x23, 0x3f, 0x00, 0xb0,
  0x02, 0x23, 0x3f, 0xb1, 0x01, 0x02, 0x06, 0x0c, 0xb0, 0x06, 0x23, 0x65, 0x42, 0xb0, 0x07, 0x23,
  0x42, 0xb0, 0x01, 0x16, 0x01, 0x2d, 0x2c, 0xb0, 0x80, 0xb0, 0x02, 0x43, 0x50, 0xb0, 0x01, 0xb0,
  0x02, 0x43, 0x54, 0x5b, 0x58, 0x21, 0x23, 0x10, 0xb0, 0x20, 0x1a, 0xc9, 0x1b, 0x8a, 0x10, 0xed,
  0x59, 0x2d, 0x2c, 0xb0, 0x59, 0x2b, 0x2d, 0x2c, 0x8a, 0x10, 0xe5, 0x2d, 0x40, 0x86, 0x09, 0x5b,
  0x50, 0x5a, 0x55, 0x3f, 0x5a, 0x4f, 0x5a, 0x02, 0x5a, 0x01, 0x58, 0x55, 0x59, 0x50, 0x58, 0x55,
  0x30, 0x58, 0x40, 0x58, 0x50, 0x58, 0xb0, 0x58, 0x04, 0x57, 0x50, 0x56, 0x55, 0x20, 0x56, 0x40,
  0x56, 0x02, 0x50, 0x56, 0xf0, 0x56, 0x02, 0x56, 0x01, 0x54, 0x55, 0x55, 0x50, 0x54, 0x55, 0x70,
  0x54, 0x01, 0x1f, 0x54, 0x01, 0x30, 0x54, 0x40, 0x54, 0x80, 0x54, 0xd0, 0x54, 0xe0, 0x54, 0x05,
  0x30, 0x4d, 0x01, 0x4d, 0x02, 0x4e, 0x55, 0x4f, 0x50, 0x4e, 0x55, 0x33, 0x4e, 0x01, 0x4e, 0x01,
  0x4b, 0x55, 0x4a, 0x50, 0x49, 0x55, 0x49, 0x01, 0x4b, 0x55, 0x47, 0x64, 0x46, 0x55, 0x3f, 0x46,
  0xaf, 0x46, 0x02, 0x46, 0x01, 0x4b, 0x55, 0x4c, 0x50, 0x4b, 0x55, 0x1f, 0x4b, 0x01, 0x0f, 0x4b,
  0x3f, 0x4b, 0xaf, 0x4b, 0x03, 0x53, 0x50, 0x52, 0x55, 0x3b, 0x52, 0x01, 0x52, 0x01, 0x50, 0x55,
  0x51, 0x50, 0x50, 0x55, 0xb8, 0xff, 0xc0, 0x40, 0xff, 0x25, 0x0c, 0x11, 0x46, 0x21, 0x33, 0x20,
  0x55, 0x00, 0x20, 0x01, 0xef, 0x20, 0x01, 0x90, 0x20, 0x01, 0x7f, 0x20, 0x01, 0x20, 0x01, 0x1e,
  0x55, 0x1f, 0x33, 0x03, 0x55, 0x1f, 0x1e, 0x01, 0x0f, 0x1e, 0x3f, 0x1e, 0xaf, 0x1e, 0x03, 0x7e,
  0x5d, 0xff, 0x1f, 0xf8, 0x7d, 0x01, 0x78, 0x78, 0x01, 0x77, 0x73, 0x41, 0x1f, 0x76, 0x73, 0x41,
  0x1f, 0x75, 0x73, 0x23, 0x1f, 0x74, 0x73, 0x2b, 0x1f, 0xe8, 0x73, 0x01, 0x77, 0x73, 0x01, 0xd9,
  0x73, 0xe9, 0x73, 0x02, 0x19, 0x33, 0x18, 0x55, 0x07, 0x33, 0x03, 0x55, 0x06, 0x03, 0xff, 0x1f,
  0x86, 0x88, 0x01, 0x79, 0x86, 0x89, 0x86, 0x99, 0x86, 0x03, 0x76, 0x81, 0x01, 0xc9, 0x7a, 0x01,
  0x39, 0x71, 0x01, 0x89, 0x71, 0x99, 0x71, 0x02, 0xd9, 0x70, 0xe9, 0x70, 0x02, 0x77, 0x6e, 0x01,
  0xc7, 0x6e, 0x01, 0x6c, 0x69, 0x23, 0x1f, 0x6b, 0x69, 0x2b, 0x1f, 0x6a, 0x69, 0x36, 0x1f, 0x66,
  0x69, 0x76, 0x69, 0x02, 0xd8, 0x69, 0x01, 0x67, 0x69, 0x01, 0x13, 0x33, 0x12, 0x55, 0x05, 0x01,
  0x03, 0x55, 0x04, 0x33, 0x03, 0x55, 0x1f, 0x03, 0x01, 0x0f, 0x03, 0x3f, 0x03, 0xaf, 0x03, 0x03,
  0x06, 0x15, 0x87, 0x01, 0x79, 0x85, 0x01, 0x45, 0x84, 0xc5, 0x84, 0x02, 0xaa, 0x84, 0xba, 0x84,
  0x02, 0x45, 0x84, 0x55, 0x84, 0x02, 0x00, 0x82, 0x01, 0x5a, 0x82, 0x6a, 0x82, 0x02, 0x18, 0x82,
  0x13, 0x16, 0x46, 0x5f, 0x7b, 0xef, 0x7b, 0xff, 0x7b, 0x03, 0x86, 0x72, 0x96, 0x72, 0x02, 0x96,
  0x68, 0x01, 0x5a, 0x67, 0x6a, 0x67, 0x02, 0x18, 0x67, 0x17, 0x1a, 0x46, 0x09, 0x66, 0x99, 0x66,
  0xa9, 0x66, 0x03, 0x59, 0x66, 0x69, 0x66, 0xe9, 0x66, 0xf9, 0x66, 0x04, 0x09, 0x65, 0x19, 0x65,
  0x02, 0x69, 0x65, 0x01, 0x64, 0x5d, 0x19, 0x1f, 0x40, 0x5a, 0x59, 0x63, 0x01, 0x79, 0x63, 0x89,
  0x63, 0x02, 0x27, 0x63, 0x01, 0x4f, 0x62, 0x5f, 0x62, 0xef, 0x62, 0xff, 0x62, 0x04, 0x61, 0x5d,
  0x33, 0x1f, 0x60, 0x5f, 0x50, 0x1f, 0x5f, 0x5d, 0x22, 0x1f, 0x5e, 0x5d, 0x3c, 0x1f, 0xa9, 0x5d,
  0xb9, 0x5d, 0x02, 0x1c, 0x64, 0x1b, 0x55, 0x16, 0x33, 0x15, 0x55, 0x11, 0x01, 0x0f, 0x55, 0x10,
  0x33, 0x0f, 0x55, 0xaf, 0x0f, 0xcf, 0x0f, 0x02, 0x30, 0x0f, 0x01, 0x02, 0x01, 0x00, 0x55, 0x01,
  0x64, 0x00, 0x55, 0x6f, 0x00, 0x7f, 0x00, 0xaf, 0x00, 0xef, 0x00, 0x04, 0x10, 0x00, 0x01, 0x80,
  0x16, 0x01, 0x05, 0x01, 0xb8, 0x01, 0x90, 0xb1, 0x54, 0x53, 0x2b, 0x2b, 0x4b, 0xb8, 0x07, 0xff,
  0x52, 0x4b, 0xb0, 0x09, 0x50, 0x5b, 0xb0, 0x01, 0x88, 0xb0, 0x25, 0x53, 0xb0, 0x01, 0x88, 0xb0,
  0x40, 0x51, 0x5a, 0xb0, 0x06, 0x88, 0xb0, 0x00, 0x55, 0x5a, 0x5b, 0x58, 0xb1, 0x01, 0x01, 0x8e,
  0x59, 0x85, 0x8d, 0x8d, 0x00, 0x42, 0x1d, 0x4b, 0xb0, 0x32, 0x53, 0x58, 0xb0, 0x60, 0x1d, 0x59,
  0x4b, 0xb0, 0x64, 0x53, 0x58, 0xb0, 0x40, 0x1d, 0x59, 0x4b, 0xb0, 0x80, 0x53, 0x58, 0xb0, 0x10,
  0x1d, 0xb1, 0x16, 0x00, 0x42, 0x59, 0x73, 0x73, 0x2b, 0x2b, 0x73, 0x73, 0x2b, 0x2b, 0x2b, 0x2b,
  0x73, 0x2b, 0x2b, 0x2b, 0x2b, 0x73, 0x73, 0x73, 0x74, 0x2b, 0x73, 0x74, 0x73, 0x74, 0x2b, 0x73,
  0x73, 0x73, 0x73, 0x2b, 0x74, 0x75, 0x73, 0x73, 0x74, 0x73, 0x73, 0x5e, 0x73, 0x74, 0x2b, 0x2b,
  0x2b, 0x73, 0x73, 0x74, 0x2b, 0x2b, 0x2b, 0x73, 0x74, 0x73, 0x73, 0x74, 0x73, 0x73, 0x73, 0x73,
  0x2b, 0x2b, 0x2b, 0x73, 0x74, 0x74, 0x2b, 0x2b, 0x2b, 0x2b, 0x73, 0x73, 0x2b, 0x73, 0x74, 0x2b,
  0x2b, 0x73, 0x73, 0x73, 0x74, 0x2b, 0x2b, 0x2b, 0x2b, 0x73, 0x2b, 0x73, 0x74, 0x2b, 0x2b, 0x73,
  0x2b, 0x2b, 0x2b, 0x2b, 0x73, 0x2b, 0x2b, 0x73, 0x73, 0x74, 0x74, 0x2b, 0x2b, 0x73, 0x74, 0x2b,
  0x73, 0x2b, 0x2b, 0x73, 0x2b, 0x18, 0x5e, 0x00, 0x06, 0x14, 0x00, 0x0f, 0x00, 0x3c, 0x05, 0xb6,
  0x00, 0x17, 0x00, 0x75, 0x05, 0xb6, 0x00, 0x17, 0x00, 0x00, 0x00, 0x00, 0x00, 0x00, 0x00, 0x00,
  0x00, 0x00, 0x00, 0x00, 0x00, 0x00, 0x04, 0x5e, 0x00, 0x17, 0x00, 0x7b, 0x00, 0x00, 0xff, 0xec,
  0x00, 0x00, 0x00, 0x00, 0xff, 0xec, 0x00, 0x00, 0x00, 0x00, 0xff, 0xec, 0x00, 0x00, 0xfe, 0x14,
  0xff, 0xf6, 0x00, 0x00, 0x05, 0xb6, 0x00, 0x13, 0xfc, 0x94, 0xff, 0xed, 0xfe, 0x56, 0xfe, 0x14,
  0xfe, 0xbc, 0xff, 0x54, 0x00, 0x00, 0x00, 0x00, 0x00, 0x00, 0x00, 0x00, 0x00, 0x00, 0x00, 0x00,
  0x00, 0x00, 0x00, 0x00, 0x00, 0x00, 0x00, 0x00, 0x00, 0x00, 0x00, 0x00, 0x00, 0x00, 0x00, 0x00,
  0x00, 0x00, 0x00, 0x00, 0x00, 0x00, 0x00, 0x00, 0x00, 0x00, 0x00, 0x00, 0x00, 0x00, 0x00, 0x00,
  0x00, 0x00, 0x00, 0x00, 0x00, 0x00, 0x00, 0x00, 0x00, 0x00, 0x00, 0x00, 0x00, 0x00, 0x08, 0x00,
  0x00, 0x00, 0x00, 0x00, 0x01, 0x33, 0x00, 0x09, 0x00, 0x00, 0x00, 0xf6, 0x00, 0x0e, 0x05, 0xb6,
  0x00, 0x10, 0xfe, 0xb4, 0xfc, 0xfe, 0xff, 0xf4, 0xff, 0x60, 0xff, 0xf4, 0x03, 0x02, 0x00, 0x10,
  0x01, 0x87, 0xff, 0xf2, 0x03, 0x46, 0x00, 0x0e, 0x02, 0x35, 0xff, 0xf4, 0x02, 0xbf, 0x00, 0x0c,
  0x00, 0x00, 0x00, 0xf6, 0x00, 0xeb, 0x00, 0xde, 0x00, 0xe5, 0x01, 0x00, 0x00, 0xd3, 0x01, 0x2b,
  0x01, 0x1d, 0x00, 0xc0, 0x00, 0xcb, 0x00, 0xc0, 0x00, 0xac, 0x01, 0x02, 0x01, 0x0a, 0x00, 0xf4,
  0x00, 0xe6, 0x00, 0xbf, 0x00, 0xb0, 0x00, 0x8d, 0x00, 0x97, 0x00, 0xc7, 0x00, 0xb7, 0x00, 0xfa,
  0x00, 0xed, 0x00, 0xe3, 0x01, 0x04, 0x00, 0xfe, 0x00, 0xdb, 0x00, 0xb2, 0x00, 0xa4, 0x00, 0xd3,
  0x00, 0x00, 0x01, 0x54, 0x00, 0xf6, 0x01, 0x3f, 0x00, 0x00, 0x00, 0xe6, 0x00, 0xe5, 0x00, 0xa3,
  0x00, 0xfc, 0x00, 0xb9, 0x00, 0xc7, 0x01, 0x34, 0x00, 0xe6, 0x00, 0x00, 0x00, 0x00, 0x00, 0x24,
  0x00, 0xaa, 0x01, 0x38, 0x01, 0xc6, 0x01, 0xfe, 0x02, 0x78, 0x02, 0xb5, 0x02, 0xec, 0x03, 0x3d,
  0x03, 0x78, 0x03, 0xcb, 0x04, 0x18, 0x04, 0x4c, 0x04, 0x77, 0x04, 0xb1, 0x04, 0xd0, 0x05, 0x13,
  0x05, 0x49, 0x05, 0x8b, 0x05, 0xd0, 0x06, 0x26, 0x06, 0x76, 0x06, 0xd0, 0x06, 0xf6, 0x07, 0x2b,
  0x07, 0x55, 0x07, 0x9f, 0x07, 0xd9, 0x08, 0x03, 0x08, 0x36, 0x08, 0x58, 0x08, 0xb9, 0x09, 0x08,
  0x09, 0x42, 0x09, 0x93, 0x09, 0xf6, 0x0a, 0x3b, 0x0a, 0x99, 0x0a, 0xd7, 0x0b, 0x0a, 0x0b, 0x4d,
  0x0b, 0x8b, 0x0b, 0xa3, 0x0b, 0xf7, 0x0c, 0x30, 0x0c, 0x73, 0x0c, 0xc4, 0x0d, 0x1b, 0x0d, 0x4e,
  0x0d, 0xa3, 0x0d, 0xe5, 0x0e, 0x1f, 0x0e, 0x47, 0x0e, 0x8e, 0x0e, 0xc5, 0x0f, 0x02, 0x0f, 0x33,
  0x0f, 0x88, 0x0f, 0xe5, 0x10, 0x07, 0x10, 0x19, 0x10, 0x2c, 0x10, 0x3f, 0x10, 0x52, 0x10, 0x6a,
  0x11, 0x08, 0x11, 0xc2, 0x12, 0x2e, 0x12, 0x2e, 0x12, 0x57, 0x12, 0x73, 0x12, 0xa9, 0x13, 0x0a,
  0x13, 0x1f, 0x13, 0x50, 0x13, 0x81, 0x13, 0xab, 0x13, 0xc3, 0x13, 0xdc, 0x13, 0xe9, 0x14, 0x09,
  0x14, 0x22, 0x14, 0x59, 0x14, 0x78, 0x14, 0xab, 0x14, 0xfd, 0x15, 0x29, 0x15, 0x67, 0x15, 0xba,
  0x15, 0xcd, 0x16, 0x3b, 0x16, 0x8e, 0x16, 0xc7, 0x16, 0xfa, 0x17, 0x0f, 0x17, 0x23, 0x17, 0x38,
  0x17, 0x8c, 0x17, 0xa8, 0x17, 0xc2, 0x17, 0xdd, 0x17, 0xf5, 0x18, 0x03, 0x18, 0x48, 0x18, 0x5e,
  0x18, 0xa4, 0x18, 0xdb, 0x19, 0x0b, 0x00, 0x00, 0x00, 0x02, 0x00, 0xc1, 0x00, 0x00, 0x04, 0x0a,
  0x05, 0xb6, 0x00, 0x03, 0x00, 0x07, 0x00, 0x1f, 0x40, 0x0d, 0x04, 0x03, 0x02, 0x05, 0x03, 0x05,
  0x08, 0x09, 0x04, 0x03, 0x07, 0x00, 0x03, 0x00, 0x3f, 0x32, 0x2f, 0x33, 0x11, 0x12, 0x01, 0x39,
  0x39, 0x11, 0x33, 0x11, 0x33, 0x31, 0x30, 0x13, 0x21, 0x11, 0x21, 0x37, 0x21, 0x11, 0x21, 0xc1,
  0x03, 0x49, 0xfc, 0xb7, 0x68, 0x02, 0x79, 0xfd, 0x87, 0x05, 0xb6, 0xfa, 0x4a, 0x68, 0x04, 0xe6,
  0x00, 0x03, 0x00, 0x58, 0xff, 0x89, 0x04, 0x44, 0x06, 0x12, 0x00, 0x20, 0x00, 0x26, 0x00, 0x2c,
  0x00, 0x7b, 0x40, 0x46, 0x19, 0x00, 0x08, 0x27, 0x11, 0x1d, 0x25, 0x17, 0x03, 0x04, 0x04, 0x0c,
  0x2a, 0x14, 0x03, 0x05, 0x00, 0x21, 0x21, 0x05, 0x11, 0x03, 0x2d, 0x2e, 0x24, 0x0d, 0x0d, 0x1d,
  0x2a, 0x2a, 0x06, 0x17, 0x25, 0x0c, 0x06, 0x0c, 0x74, 0x59, 0x05, 0x03, 0x00, 0x06, 0x10, 0x06,
  0x02, 0x0d, 0x03, 0x06, 0x2b, 0x1c, 0x17, 0x1c, 0x73, 0x59, 0x15, 0x14, 0x20, 0x17, 0x50, 0x17,
  0x02, 0x80, 0x17, 0xb0, 0x17, 0x02, 0x3f, 0x17, 0x01, 0x17, 0x00, 0x2f, 0x5d, 0x5d, 0x71, 0x33,
  0x33, 0x2b, 0x11, 0x00, 0x33, 0x18, 0x2f, 0x5f, 0x5e, 0x5d, 0x33, 0x33, 0x2b, 0x11, 0x00, 0x33,
  0x11, 0x12, 0x39, 0x11, 0x33, 0x33, 0x11, 0x33, 0x11, 0x12, 0x01, 0x17, 0x39, 0x11, 0x33, 0x11,
  0x17, 0x33, 0x33, 0x11, 0x17, 0x33, 0x11, 0x33, 0x33, 0x11, 0x33, 0x31, 0x30, 0x01, 0x14, 0x06,
  0x07, 0x15, 0x23, 0x35, 0x26, 0x27, 0x11, 0x16, 0x16, 0x17, 0x11, 0x27, 0x26, 0x26, 0x35, 0x34,
  0x36, 0x37, 0x35, 0x33, 0x15, 0x16, 0x17, 0x07, 0x26, 0x27, 0x11, 0x1e, 0x02, 0x05, 0x34, 0x26,
  0x27, 0x15, 0x36, 0x01, 0x14, 0x16, 0x17, 0x35, 0x06, 0x04, 0x44, 0xe6, 0xcf, 0x89, 0xf4, 0xb8,
  0x57, 0xf5, 0x60, 0x43, 0xc6, 0xa5, 0xe3, 0xcb, 0x89, 0xe5, 0xb9, 0x5e, 0x9c, 0xa4, 0xc3, 0xa5,
  0x4d, 0xfe, 0xd3, 0x44, 0x44, 0x88, 0xfe, 0x6e, 0x3d, 0x44, 0x81, 0x01, 0xc9, 0x9f, 0xc1, 0x13,
  0xcd, 0xc9, 0x05, 0x51, 0x01, 0x08, 0x2b, 0x42, 0x06, 0x01, 0x36, 0x1a, 0x4e, 0xb7, 0x87, 0x91,
  0xbb, 0x14, 0x99, 0x95, 0x0a, 0x52, 0xea, 0x40, 0x0e, 0xfe, 0xd9, 0x4b, 0x6e, 0x84, 0x67, 0x2a,
  0x3a, 0x1f, 0xf9, 0x17, 0x02, 0xbe, 0x2c, 0x39, 0x1e, 0xeb, 0x13, 0x00, 0x00, 0x03, 0x00, 0x52,
  0xff, 0xec, 0x06, 0x00, 0x05, 0xcb, 0x00, 0x1d, 0x00, 0x26, 0x00, 0x31, 0x00, 0x7d, 0x40, 0x42,
  0x00, 0x33, 0x23, 0x27, 0x1e, 0x07, 0x2d, 0x0d, 0x2f, 0x0a, 0x16, 0x24, 0x13, 0x27, 0x1d, 0x17,
  0x02, 0x1a, 0x02, 0x27, 0x24, 0x0a, 0x0d, 0x07, 0x07, 0x32, 0x33, 0x02, 0x02, 0x10, 0x19, 0x19,
  0x01, 0x10, 0x1d, 0x23, 0x2f, 0x16, 0x0a, 0x03, 0x24, 0x10, 0x02, 0x1d, 0x04, 0x23, 0x17, 0x21,
  0x19, 0x19, 0x04, 0x10, 0x01, 0x12, 0x10, 0x2a, 0x6c, 0x59, 0x10, 0x04, 0x04, 0x21, 0x69, 0x59,
  0x04, 0x13, 0x00, 0x3f, 0x2b, 0x00, 0x18, 0x3f, 0x2b, 0x00, 0x18, 0x3f, 0x11, 0x12, 0x39, 0x2f,
  0x12, 0x39, 0x39, 0x12, 0x39, 0x39, 0x11, 0x12, 0x17, 0x39, 0x11, 0x33, 0x11, 0x12, 0x39, 0x2f,
  0x11, 0x39, 0x2f, 0x11, 0x12, 0x01, 0x17, 0x39, 0x11, 0x33, 0x33, 0x11, 0x33, 0x11, 0x33, 0x11,
  0x33, 0x11, 0x33, 0x11, 0x33, 0x11, 0x33, 0x11, 0x33, 0x31, 0x30, 0x21, 0x21, 0x27, 0x06, 0x23,
  0x22, 0x24, 0x35, 0x34, 0x36, 0x37, 0x26, 0x26, 0x35, 0x34, 0x36, 0x33, 0x32, 0x16, 0x15, 0x14,
  0x06, 0x07, 0x01, 0x36, 0x37, 0x21, 0x06, 0x02, 0x07, 0x25, 0x14, 0x16, 0x33, 0x32, 0x37, 0x01,
  0x06, 0x06, 0x01, 0x34, 0x26, 0x23, 0x22, 0x06, 0x15, 0x14, 0x17, 0x36, 0x36, 0x06, 0x00, 0xfe,
  0x87, 0x73, 0xbf, 0xf1, 0xf4, 0xfe, 0xe2, 0x79, 0x93, 0x4b, 0x44, 0xe9, 0xc3, 0xba, 0xdf, 0x8a,
  0x9a, 0x01, 0x1c, 0x47, 0x34, 0x01, 0x3e, 0x24, 0x7e, 0x50, 0xfc, 0xc0, 0x81, 0x65, 0x7e, 0x65,
  0xfe, 0xb4, 0x3a, 0x43, 0x01, 0x67, 0x48, 0x39, 0x43, 0x4d, 0x5f, 0x56, 0x5c, 0x71, 0x85, 0xe0,
  0xbf, 0x89, 0xc1, 0x54, 0x56, 0x9d, 0x5d, 0x98, 0xba, 0xad, 0x91, 0x77, 0xc5, 0x59, 0xfe, 0xeb,
  0x75, 0xb8, 0x87, 0xfe, 0xff, 0x63, 0x83, 0x56, 0x66, 0x3d, 0x01, 0x4a, 0x2c, 0x60, 0x02, 0x86,
  0x35, 0x3d, 0x40, 0x3b, 0x58, 0x6a, 0x30, 0x5d, 0x00, 0x02, 0x00, 0x66, 0xff, 0x54, 0x06, 0xc7,
  0x05, 0xb6, 0x00, 0x35, 0x00, 0x40, 0x00, 0x51, 0x40, 0x2b, 0x15, 0x29, 0x14, 0x22, 0x2e, 0x36,
  0x0e, 0x14, 0x3c, 0x00, 0x1a, 0x1a, 0x3c, 0x0e, 0x2e, 0x04, 0x41, 0x42, 0x3e, 0x90, 0x11, 0xe0,
  0x11, 0xf0, 0x11, 0x03, 0x11, 0x11, 0x32, 0x04, 0x0b, 0x17, 0x38, 0x38, 0x0b, 0x0b, 0x2b, 0x1e,
  0x32, 0x03, 0x25, 0x2b, 0x25, 0x00, 0x3f, 0x33, 0x3f, 0x33, 0x12, 0x39, 0x2f, 0x33, 0x11, 0x33,
  0x11, 0x33, 0x11, 0x39, 0x2f, 0x5d, 0x33, 0x11, 0x12, 0x01, 0x17, 0x39, 0x11, 0x33, 0x11, 0x33,
  0x11, 0x33, 0x11, 0x33, 0x11, 0x33, 0x33, 0x31, 0x30, 0x01, 0x14, 0x06, 0x06, 0x23, 0x22, 0x26,
  0x27, 0x23, 0x06, 0x06, 0x23, 0x22, 0x26, 0x35, 0x34, 0x00, 0x33, 0x32, 0x16, 0x17, 0x03, 0x14,
  0x33, 0x32, 0x36, 0x35, 0x34, 0x26, 0x26, 0x23, 0x22, 0x04, 0x02, 0x15, 0x10, 0x00, 0x21, 0x32,
  0x24, 0x37, 0x15, 0x06, 0x21, 0x20, 0x00, 0x11, 0x34, 0x12, 0x24, 0x21, 0x32, 0x04, 0x12, 0x01,
  0x14, 0x33, 0x32, 0x36, 0x37, 0x37, 0x26, 0x23, 0x22, 0x06, 0x06, 0xc7, 0x5c, 0xa8, 0x6f, 0x4a,
  0x73, 0x18, 0x10, 0x31, 0x8c, 0x56, 0xb1, 0xcc, 0x01, 0x09, 0xdb, 0x51, 0xd4, 0x43, 0x17, 0x4c,
  0x40, 0x4c, 0x85, 0xf3, 0x9d, 0xc9, 0xfe, 0xd4, 0x9e, 0x01, 0x27, 0x01, 0x18, 0x70, 0x01, 0x00,
  0x73, 0xd4, 0xfe, 0xf9, 0xfe, 0x84, 0xfe, 0x57, 0xdb, 0x01, 0x92, 0x01, 0x02, 0xdc, 0x01, 0x5a,
  0xbc, 0xfc, 0x00, 0xac, 0x59, 0x5f, 0x0a, 0x0d, 0x2e, 0x45, 0x7d, 0x8b, 0x02, 0xdd, 0x90, 0xf0,
  0x86, 0x47, 0x3a, 0x3c, 0x45, 0xd5, 0xb8, 0xd1, 0x01, 0x04, 0x1f, 0x18, 0xfe, 0x17, 0x8c, 0xbb,
  0x97, 0xa1, 0xf7, 0x83, 0xa8, 0xfe, 0xc8, 0xcc, 0xfe, 0xeb, 0xfe, 0xd9, 0x32, 0x2b, 0xc1, 0x5a,
  0x01, 0x90, 0x01, 0x64, 0xf7, 0x01, 0x94, 0xe3, 0xb4, 0xfe, 0xb4, 0xfe, 0xaa, 0xd3, 0x7f, 0x90,
  0xdd, 0x0a, 0x9c, 0x00, 0x00, 0x02, 0x00, 0x00, 0x00, 0x00, 0x05, 0x85, 0x05, 0xbc, 0x00, 0x07,
  0x00, 0x0d, 0x00, 0x2c, 0x40, 0x15, 0x07, 0x04, 0x0d, 0x08, 0x0e, 0x0f, 0x0b, 0x04, 0x05, 0x0d,
  0x02, 0x69, 0x59, 0x0d, 0x0d, 0x05, 0x00, 0x04, 0x12, 0x05, 0x03, 0x00, 0x3f, 0x3f, 0x33, 0x12,
  0x39, 0x2f, 0x2b, 0x11, 0x12, 0x00, 0x39, 0x11, 0x12, 0x01, 0x39, 0x39, 0x32, 0x33, 0x31, 0x30,
  0x21, 0x03, 0x21, 0x03, 0x21, 0x01, 0x21, 0x01, 0x01, 0x02, 0x26, 0x27, 0x06, 0x03, 0x04, 0x37,
  0x6a, 0xfd, 0xeb, 0x6a, 0xfe, 0xb2, 0x02, 0x04, 0x01, 0x7b, 0x02, 0x06, 0xfd, 0xfe, 0x93, 0x25,
  0x08, 0x21, 0x9c, 0x01, 0x5c, 0xfe, 0xa4, 0x05, 0xbc, 0xfa, 0x44, 0x02, 0x60, 0x01, 0xd9, 0x7c,
  0x24, 0x80, 0xfe, 0x07, 0x00, 0x03, 0x00, 0xb8, 0x00, 0x00, 0x04, 0xf4, 0x05, 0xb6, 0x00, 0x0f,
  0x00, 0x18, 0x00, 0x20, 0x00, 0x8a, 0x40, 0x53, 0x07, 0x08, 0x08, 0x1e, 0x10, 0x1a, 0x1a, 0x0f,
  0x04, 0x14, 0x0b, 0x1e, 0x1e, 0x14, 0x0f, 0x03, 0x21, 0x22, 0x07, 0x19, 0x10, 0x10, 0x19, 0x6b,
  0x59, 0x80, 0x10, 0x90, 0x10, 0x02, 0x46, 0x10, 0x01, 0xd6, 0x10, 0x01, 0x10, 0x24, 0x1b, 0x49,
  0x10, 0x24, 0x14, 0x49, 0x4c, 0x10, 0x01, 0x03, 0xac, 0x10, 0x01, 0x04, 0x3a, 0x10, 0x01, 0x19,
  0x10, 0x01, 0x19, 0x10, 0x01, 0x03, 0x0f, 0x10, 0x01, 0x09, 0x06, 0x10, 0x10, 0x0f, 0x00, 0x00,
  0x18, 0x69, 0x59, 0x00, 0x03, 0x0f, 0x1a, 0x69, 0x59, 0x0f, 0x12, 0x00, 0x3f, 0x2b, 0x00, 0x18,
  0x3f, 0x2b, 0x11, 0x12, 0x00, 0x39, 0x18, 0x2f, 0x5f, 0x5e, 0x5d, 0x5f, 0x5d, 0x71, 0x5d, 0x5f,
  0x5d, 0x5f, 0x5d, 0x2b, 0x2b, 0x5d, 0x71, 0x71, 0x2b, 0x11, 0x12, 0x00, 0x39, 0x11, 0x12, 0x01,
  0x17, 0x39, 0x11, 0x33, 0x11, 0x33, 0x11, 0x33, 0x11, 0x33, 0x11, 0x33, 0x11, 0x33, 0x31, 0x30,
  0x13, 0x21, 0x20, 0x04, 0x15, 0x14, 0x06, 0x07, 0x15, 0x16, 0x16, 0x15, 0x14, 0x04, 0x23, 0x21,
  0x01, 0x33, 0x32, 0x36, 0x35, 0x34, 0x26, 0x23, 0x23, 0x11, 0x11, 0x33, 0x32, 0x36, 0x35, 0x34,
  0x21, 0xb8, 0x01, 0xc7, 0x01, 0x37, 0x01, 0x19, 0x7b, 0x66, 0x8b, 0x7b, 0xfe, 0xdf, 0xf8, 0xfd,
  0xdd, 0x01, 0x36, 0xb4, 0x7e, 0x71, 0x7b, 0x85, 0xa3, 0xca, 0x80, 0x7a, 0xfe, 0xfc, 0x05, 0xb6,
  0xb1, 0xc1, 0x83, 0xa8, 0x11, 0x0a, 0x1f, 0xaa, 0x8d, 0xc8, 0xe0, 0x03, 0x73, 0x4e, 0x5a, 0x54,
  0x49, 0xfd, 0xc5, 0xfe, 0x83, 0x62, 0x65, 0xb6, 0x00, 0x01, 0x00, 0x77, 0xff, 0xec, 0x04, 0xd1,
  0x05, 0xcb, 0x00, 0x16, 0x00, 0x26, 0x40, 0x14, 0x03, 0x0d, 0x13, 0x08, 0x0d, 0x03, 0x17, 0x18,
  0x11, 0x00, 0x69, 0x59, 0x11, 0x04, 0x0a, 0x05, 0x69, 0x59, 0x0a, 0x13, 0x00, 0x3f, 0x2b, 0x00,
  0x18, 0x3f, 0x2b, 0x11, 0x12, 0x01, 0x17, 0x39, 0x11, 0x33, 0x31, 0x30, 0x01, 0x22, 0x02, 0x15,
  0x10, 0x21, 0x32, 0x37, 0x11, 0x06, 0x23, 0x20, 0x00, 0x11, 0x34, 0x12, 0x24, 0x33, 0x32, 0x17,
  0x07, 0x26, 0x26, 0x03, 0x25, 0xaf, 0xc0, 0x01, 0x6f, 0x9a, 0xdb, 0xb4, 0xde, 0xfe, 0xc1, 0xfe,
  0xae, 0xa6, 0x01, 0x37, 0xd1, 0xd5, 0xd7, 0x64, 0x52, 0xa6, 0x04, 0xc9, 0xfe, 0xf9, 0xeb, 0xfe,
  0x17, 0x4d, 0xfe, 0xfc, 0x4b, 0x01, 0x83, 0x01, 0x6a, 0xe4, 0x01, 0x57, 0xb7, 0x67, 0xfc, 0x27,
  0x3a, 0x00, 0x00, 0x02, 0x00, 0xb8, 0x00, 0x00, 0x05, 0x75, 0x05, 0xb6, 0x00, 0x08, 0x00, 0x0f,
  0x00, 0x28, 0x40, 0x14, 0x0d, 0x04, 0x00, 0x09, 0x04, 0x09, 0x10, 0x11, 0x05, 0x0c, 0x69, 0x59,
  0x05, 0x03, 0x04, 0x0d, 0x69, 0x59, 0x04, 0x12, 0x00, 0x3f, 0x2b, 0x00, 0x18, 0x3f, 0x2b, 0x11,
  0x12, 0x01, 0x39, 0x39, 0x11, 0x33, 0x11, 0x33, 0x31, 0x30, 0x01, 0x10, 0x00, 0x21, 0x21, 0x11,
  0x21, 0x20, 0x00, 0x01, 0x10, 0x21, 0x23, 0x11, 0x33, 0x20, 0x05, 0x75, 0xfe, 0x65, 0xfe, 0x7c,
  0xfe, 0x62, 0x01, 0xcb, 0x01, 0x66, 0x01, 0x8c, 0xfe, 0xbe, 0xfe, 0x60, 0xa5, 0x85, 0x01, 0xc0,
  0x02, 0xe9, 0xfe, 0x97, 0xfe, 0x80, 0x05, 0xb6, 0xfe, 0x86, 0xfe, 0xa5, 0x01, 0xd7, 0xfc, 0x48,
  0x00, 0x01, 0x00, 0xb8, 0x00, 0x00, 0x04, 0x02, 0x05, 0xb6, 0x00, 0x0b, 0x00, 0x72, 0x40, 0x46,
  0x06, 0x0a, 0x0a, 0x01, 0x04, 0x00, 0x00, 0x08, 0x01, 0x03, 0x0c, 0x0d, 0x06, 0x09, 0x69, 0x59,
  0x46, 0x06, 0x01, 0xd6, 0x06, 0x01, 0x12, 0x06, 0x01, 0x03, 0x21, 0x06, 0x01, 0xb1, 0x06, 0x01,
  0x04, 0x4c, 0x06, 0x01, 0xa3, 0x06, 0x01, 0x06, 0x1e, 0x0c, 0x49, 0x19, 0x06, 0x01, 0x03, 0x0f,
  0x06, 0x8f, 0x06, 0x02, 0x09, 0x06, 0x06, 0x06, 0x01, 0x02, 0x02, 0x05, 0x69, 0x59, 0x02, 0x03,
  0x01, 0x0a, 0x69, 0x59, 0x01, 0x12, 0x00, 0x3f, 0x2b, 0x00, 0x18, 0x3f, 0x2b, 0x11, 0x12, 0x00,
  0x39, 0x18, 0x2f, 0x5f, 0x5e, 0x5d, 0x5f, 0x5d, 0x2b, 0x5d, 0x5d, 0x5f, 0x5d, 0x71, 0x5f, 0x71,
  0x5d, 0x71, 0x2b, 0x11, 0x12, 0x01, 0x17, 0x39, 0x11, 0x33, 0x11, 0x33, 0x11, 0x33, 0x31, 0x30,
  0x21, 0x21, 0x11, 0x21, 0x15, 0x21, 0x11, 0x21, 0x15, 0x21, 0x11, 0x21, 0x04, 0x02, 0xfc, 0xb6,
  0x03, 0x4a, 0xfd, 0xec, 0x01, 0xef, 0xfe, 0x11, 0x02, 0x14, 0x05, 0xb6, 0xfe, 0xfe, 0xbf, 0xfe,
  0xfe, 0x87, 0x00, 0x01, 0x00, 0xb8, 0x00, 0x00, 0x03, 0xfe, 0x05, 0xb6, 0x00, 0x09, 0x00, 0x4b,
  0x40, 0x2c, 0x06, 0x00, 0x00, 0x01, 0x04, 0x08, 0x01, 0x03, 0x0a, 0x0b, 0x06, 0x09, 0x69, 0x59,
  0xc8, 0x06, 0x01, 0x59, 0x06, 0x01, 0x0c, 0x06, 0x01, 0x0d, 0x06, 0x1e, 0x0c, 0x49, 0x0f, 0x06,
  0x01, 0x0f, 0x03, 0x06, 0x06, 0x02, 0x01, 0x12, 0x02, 0x05, 0x69, 0x59, 0x02, 0x03, 0x00, 0x3f,
  0x2b, 0x00, 0x18, 0x3f, 0x12, 0x39, 0x2f, 0x5f, 0x5e, 0x5d, 0x2b, 0x5e, 0x5d, 0x5d, 0x5d, 0x2b,
  0x11, 0x12, 0x01, 0x17, 0x39, 0x11, 0x33, 0x11, 0x33, 0x31, 0x30, 0x21, 0x21, 0x11, 0x21, 0x15,
  0x21, 0x11, 0x21, 0x15, 0x21, 0x01, 0xe9, 0xfe, 0xcf, 0x03, 0x46, 0xfd, 0xeb, 0x01, 0xf0, 0xfe,
  0x10, 0x05, 0xb6, 0xfe, 0xfe, 0x87, 0xfd, 0x00, 0x00, 0x01, 0x00, 0x77, 0xff, 0xec, 0x05, 0x27,
  0x05, 0xcb, 0x00, 0x1a, 0x00, 0x47, 0x40, 0x25, 0x0d, 0x02, 0x1a, 0x18, 0x13, 0x08, 0x02, 0x18,
  0x08, 0x18, 0x1b, 0x1c, 0x00, 0x1a, 0x69, 0x59, 0x0d, 0x00, 0x01, 0x0b, 0x04, 0x00, 0x00, 0x05,
  0x0b, 0x0b, 0x10, 0x69, 0x59, 0x0b, 0x04, 0x05, 0x16, 0x69, 0x59, 0x05, 0x13, 0x00, 0x3f, 0x2b,
  0x00, 0x18, 0x3f, 0x2b, 0x11, 0x12, 0x00, 0x39, 0x18, 0x2f, 0x5f, 0x5e, 0x5d, 0x2b, 0x11, 0x12,
  0x01, 0x39, 0x39, 0x11, 0x33, 0x11, 0x33, 0x11, 0x33, 0x11, 0x33, 0x31, 0x30, 0x01, 0x21, 0x11,
  0x06, 0x06, 0x23, 0x20, 0x00, 0x11, 0x10, 0x00, 0x21, 0x32, 0x17, 0x07, 0x26, 0x23, 0x22, 0x02,
  0x15, 0x14, 0x16, 0x33, 0x32, 0x37, 0x11, 0x21, 0x02, 0xe3, 0x02, 0x44, 0x8d, 0xf9, 0x82, 0xfe,
  0xb5, 0xfe, 0xa3, 0x01, 0x95, 0x01, 0x67, 0xe1, 0xd1, 0x67, 0xa0, 0xad, 0xc9, 0xf2, 0xc3, 0xba,
  0x61, 0x64, 0xfe, 0xeb, 0x03, 0x35, 0xfd, 0x0a, 0x2e, 0x25, 0x01, 0x85, 0x01, 0x6c, 0x01, 0x62,
  0x01, 0x8c, 0x5a, 0xf8, 0x50, 0xfe, 0xf2, 0xe4, 0xee, 0xfb, 0x14, 0x01, 0x31, 0x00, 0x00, 0x01,
  0x00, 0xb8, 0x00, 0x00, 0x05, 0x66, 0x05, 0xb6, 0x00, 0x0b, 0x00, 0x68, 0x40, 0x3f, 0x08, 0x04,
  0x04, 0x05, 0x00, 0x09, 0x01, 0x05, 0x01, 0x0c, 0x0d, 0x00, 0x08, 0x01, 0x0c, 0x06, 0x08, 0x03,
  0x69, 0x59, 0x46, 0x08, 0x01, 0xd6, 0x08, 0x01, 0x12, 0x08, 0x01, 0x03, 0x21, 0x08, 0x01, 0xb1,
  0x08, 0x01, 0x04, 0xa3, 0x08, 0x01, 0x4c, 0x08, 0x01, 0x3b, 0x08, 0x01, 0x19, 0x08, 0x01, 0x08,
  0x08, 0x88, 0x08, 0x02, 0x08, 0x08, 0x05, 0x0a, 0x06, 0x03, 0x01, 0x05, 0x12, 0x00, 0x3f, 0x33,
  0x3f, 0x33, 0x12, 0x39, 0x2f, 0x5d, 0x5d, 0x5d, 0x5d, 0x5d, 0x5f, 0x5d, 0x71, 0x5f, 0x71, 0x5d,
  0x71, 0x2b, 0x00, 0x5f, 0x5e, 0x5d, 0x11, 0x12, 0x01, 0x39, 0x39, 0x11, 0x33, 0x33, 0x11, 0x33,
  0x11, 0x33, 0x31, 0x30, 0x21, 0x21, 0x11, 0x21, 0x11, 0x21, 0x11, 0x21, 0x11, 0x21, 0x11, 0x21,
  0x05, 0x66, 0xfe, 0xcb, 0xfd, 0xbd, 0xfe, 0xca, 0x01, 0x36, 0x02, 0x43, 0x01, 0x35, 0x02, 0x77,
  0xfd, 0x89, 0x05, 0xb6, 0xfd, 0xc3, 0x02, 0x3d, 0x00, 0x01, 0x00, 0x42, 0x00, 0x00, 0x02, 0xdb,
  0x05, 0xb6, 0x00, 0x0b, 0x00, 0x39, 0x40, 0x1c, 0x08, 0x00, 0x00, 0x0a, 0x05, 0x01, 0x01, 0x0a,
  0x03, 0x03, 0x0c, 0x0d, 0x08, 0x05, 0x06, 0x05, 0x6e, 0x59, 0x06, 0x03, 0x0b, 0x02, 0x01, 0x02,
  0x6e, 0x59, 0x01, 0x12, 0x00, 0x3f, 0x2b, 0x11, 0x00, 0x33, 0x18, 0x3f, 0x2b, 0x11, 0x00, 0x33,
  0x11, 0x12, 0x01, 0x39, 0x11, 0x33, 0x33, 0x11, 0x33, 0x11, 0x33, 0x11, 0x33, 0x31, 0x30, 0x21,
  0x21, 0x35, 0x37, 0x11, 0x27, 0x35, 0x21, 0x15, 0x07, 0x11, 0x17, 0x02, 0xdb, 0xfd, 0x67, 0xb2,
  0xb2, 0x02, 0x99, 0xb2, 0xb2, 0xb0, 0x52, 0x03, 0xb2, 0x52, 0xb0, 0xb0, 0x52, 0xfc, 0x4e, 0x52,
  0x00, 0x01, 0xff, 0x68, 0xfe, 0x52, 0x01, 0xee, 0x05, 0xb6, 0x00, 0x0d, 0x00, 0x1f, 0x40, 0x0e,
  0x02, 0x0b, 0x08, 0x08, 0x0e, 0x0f, 0x09, 0x03, 0x00, 0x05, 0x69, 0x59, 0x00, 0x22, 0x00, 0x3f,
  0x2b, 0x00, 0x18, 0x3f, 0x11, 0x12, 0x01, 0x39, 0x11, 0x33, 0x32, 0x31, 0x30, 0x13, 0x22, 0x27,
  0x11, 0x16, 0x33, 0x32, 0x36, 0x35, 0x11, 0x21, 0x11, 0x10, 0x02, 0x1f, 0x69, 0x4e, 0x50, 0x42,
  0x66, 0x58, 0x01, 0x36, 0xea, 0xfe, 0x52, 0x16, 0x01, 0x02, 0x14, 0x7f, 0x87, 0x05, 0x5a, 0xfa,
  0xa8, 0xff, 0x00, 0xfe, 0xf4, 0x00, 0x00, 0x01, 0x00, 0xb8, 0x00, 0x00, 0x05, 0x50, 0x05, 0xb6,
  0x00, 0x0c, 0x00, 0x38, 0x40, 0x1b, 0x0b, 0x00, 0x00, 0x0e, 0x08, 0x04, 0x04, 0x05, 0x0c, 0x02,
  0x05, 0x02, 0x0d, 0x0e, 0x02, 0x0c, 0x08, 0x03, 0x03, 0x03, 0x05, 0x0a, 0x06, 0x03, 0x01, 0x05,
  0x12, 0x00, 0x3f, 0x33, 0x3f, 0x33, 0x12, 0x39, 0x11, 0x17, 0x33, 0x11, 0x12, 0x01, 0x39, 0x39,
  0x11, 0x33, 0x11, 0x33, 0x11, 0x33, 0x11, 0x33, 0x11, 0x33, 0x31, 0x30, 0x21, 0x21, 0x01, 0x07,
  0x11, 0x21, 0x11, 0x21, 0x11, 0x37, 0x01, 0x21, 0x01, 0x05, 0x50, 0xfe, 0xa0, 0xfe, 0x81, 0x83,
  0xfe, 0xca, 0x01, 0x36, 0x7a, 0x01, 0x8c, 0x01, 0x58, 0xfe, 0x02, 0x02, 0x68, 0x5e, 0xfd, 0xf6,
  0x05, 0xb6, 0xfd, 0x63, 0xac, 0x01, 0xf1, 0xfd, 0x79, 0x00, 0x00, 0x01, 0x00, 0xb8, 0x00, 0x00,
  0x04, 0x3f, 0x05, 0xb6, 0x00, 0x05, 0x00, 0x1f, 0x40, 0x0e, 0x03, 0x00, 0x00, 0x05, 0x06, 0x07,
  0x01, 0x03, 0x00, 0x03, 0x69, 0x59, 0x00, 0x12, 0x00, 0x3f, 0x2b, 0x00, 0x18, 0x3f, 0x11, 0x12,
  0x01, 0x39, 0x39, 0x11, 0x33, 0x31, 0x30, 0x33, 0x11, 0x21, 0x11, 0x21, 0x11, 0xb8, 0x01, 0x36,
  0x02, 0x51, 0x05, 0xb6, 0xfb, 0x4a, 0xff, 0x00, 0x00, 0x01, 0x00, 0xb8, 0x00, 0x00, 0x06, 0xd3,
  0x05, 0xb6, 0x00, 0x14, 0x00, 0x34, 0x40, 0x1a, 0x02, 0x05, 0x05, 0x06, 0x0d, 0x12, 0x13, 0x0f,
  0x03, 0x0e, 0x06, 0x0e, 0x15, 0x16, 0x09, 0x01, 0x13, 0x03, 0x06, 0x0b, 0x07, 0x03, 0x00, 0x0e,
  0x06, 0x12, 0x00, 0x3f, 0x33, 0x33, 0x3f, 0x33, 0x12, 0x17, 0x39, 0x11, 0x12, 0x01, 0x39, 0x39,
  0x11, 0x17, 0x33, 0x33, 0x11, 0x33, 0x11, 0x33, 0x31, 0x30, 0x21, 0x01, 0x23, 0x12, 0x15, 0x11,
  0x21, 0x11, 0x21, 0x01, 0x33, 0x01, 0x21, 0x11, 0x21, 0x11, 0x34, 0x36, 0x13, 0x23, 0x01, 0x03,
  0x23, 0xfe, 0xa0, 0x09, 0x13, 0xfe, 0xeb, 0x01, 0xa6, 0x01, 0x5a, 0x06, 0x01, 0x6f, 0x01, 0xa6,
  0xfe, 0xdf, 0x03, 0x0c, 0x09, 0xfe, 0x87, 0x04, 0x7b, 0xfe, 0xa2, 0x75, 0xfd, 0x58, 0x05, 0xb6,
  0xfb, 0xa2, 0x04, 0x5e, 0xfa, 0x4a, 0x02, 0xb4, 0x31, 0x80, 0x01, 0x14, 0xfb, 0x87, 0x00, 0x01,
  0x00, 0xb8, 0x00, 0x00, 0x05, 0xc9, 0x05, 0xb6, 0x00, 0x0f, 0x00, 0x2c, 0x40, 0x14, 0x03, 0x06,
  0x06, 0x07, 0x00, 0x0d, 0x0b, 0x07, 0x0b, 0x10, 0x11, 0x03, 0x0b, 0x07, 0x0e, 0x08, 0x03, 0x01,
  0x07, 0x12, 0x00, 0x3f, 0x33, 0x3f, 0x33, 0x12, 0x39, 0x39, 0x11, 0x12, 0x01, 0x39, 0x39, 0x11,
  0x33, 0x33, 0x11, 0x33, 0x11, 0x33, 0x31, 0x30, 0x21, 0x21, 0x01, 0x23, 0x12, 0x15, 0x11, 0x21,
  0x11, 0x21, 0x01, 0x33, 0x02, 0x35, 0x11, 0x21, 0x05, 0xc9, 0xfe, 0x76, 0xfd, 0x84, 0x09, 0x13,
  0xfe, 0xeb, 0x01, 0x87, 0x02, 0x7b, 0x07, 0x0f, 0x01, 0x17, 0x04, 0x52, 0xfe, 0xdb, 0x7d, 0xfd,
  0x50, 0x05, 0xb6, 0xfb, 0xb9, 0x01, 0x1d, 0x76, 0x02, 0xb4, 0x00, 0x02, 0x00, 0x77, 0xff, 0xec,
  0x05, 0xe7, 0x05, 0xcd, 0x00, 0x0b, 0x00, 0x15, 0x00, 0x28, 0x40, 0x14, 0x0c, 0x06, 0x00, 0x11,
  0x06, 0x11, 0x16, 0x17, 0x09, 0x13, 0x69, 0x59, 0x09, 0x04, 0x03, 0x0f, 0x69, 0x59, 0x03, 0x13,
  0x00, 0x3f, 0x2b, 0x00, 0x18, 0x3f, 0x2b, 0x11, 0x12, 0x01, 0x39, 0x39, 0x11, 0x33, 0x11, 0x33,
  0x31, 0x30, 0x01, 0x10, 0x00, 0x21, 0x20, 0x00, 0x11, 0x10, 0x00, 0x21, 0x20, 0x00, 0x01, 0x14,
  0x16, 0x33, 0x20, 0x11, 0x10, 0x21, 0x22, 0x06, 0x05, 0xe7, 0xfe, 0x98, 0xfe, 0xb0, 0xfe, 0xb0,
  0xfe, 0x98, 0x01, 0x69, 0x01, 0x51, 0x01, 0x51, 0x01, 0x65, 0xfb, 0xd5, 0xba, 0xb9, 0x01, 0x73,
  0xfe, 0x8f, 0xb9, 0xbc, 0x02, 0xdd, 0xfe, 0x95, 0xfe, 0x7a, 0x01, 0x86, 0x01, 0x6d, 0x01, 0x6d,
  0x01, 0x81, 0xfe, 0x7c, 0xfe, 0x94, 0xf5, 0xf8, 0x01, 0xed, 0x01, 0xee, 0xf9, 0x00, 0x00, 0x02,
  0x00, 0xb8, 0x00, 0x00, 0x04, 0xaa, 0x05, 0xb6, 0x00, 0x08, 0x00, 0x13, 0x00, 0x40, 0x40, 0x23,
  0x00, 0x0e, 0x0e, 0x0f, 0x09, 0x04, 0x0f, 0x04, 0x14, 0x15, 0x0d, 0x00, 0x69, 0x59, 0x50, 0x0d,
  0x01, 0x0f, 0x0d, 0x1f, 0x0d, 0x02, 0x09, 0x03, 0x0d, 0x0d, 0x10, 0x0f, 0x12, 0x10, 0x08, 0x69,
  0x59, 0x10, 0x03, 0x00, 0x3f, 0x2b, 0x00, 0x18, 0x3f, 0x12, 0x39, 0x2f, 0x5f, 0x5e, 0x5d, 0x5d,
  0x2b, 0x11, 0x12, 0x01, 0x39, 0x39, 0x11, 0x33, 0x11, 0x33, 0x11, 0x33, 0x31, 0x30, 0x01, 0x33,
  0x32, 0x36, 0x35, 0x34, 0x26, 0x23, 0x23, 0x05, 0x14, 0x04, 0x21, 0x23, 0x11, 0x21, 0x11, 0x21,
  0x20, 0x04, 0x01, 0xee, 0x66, 0x8f, 0x8e, 0x77, 0x7f, 0x8d, 0x02, 0xbc, 0xfe, 0xd9, 0xfe, 0xf0,
  0x85, 0xfe, 0xca, 0x01, 0xd3, 0x01, 0x0a, 0x01, 0x15, 0x03, 0x06, 0x71, 0x6c, 0x6d, 0x68, 0xca,
  0xec, 0xfa, 0xfd, 0xf8, 0x05, 0xb6, 0xe5, 0x00, 0x00, 0x02, 0x00, 0x77, 0xfe, 0xa4, 0x05, 0xe7,
  0x05, 0xcd, 0x00, 0x0f, 0x00, 0x19, 0x00, 0x42, 0x40, 0x21, 0x04, 0x00, 0x03, 0x15, 0x10, 0x0a,
  0x00, 0x15, 0x0a, 0x15, 0x1a, 0x1b, 0x00, 0x05, 0x01, 0x09, 0x03, 0x05, 0x07, 0x0d, 0x17, 0x69,
  0x59, 0x0d, 0x04, 0x03, 0x07, 0x07, 0x13, 0x69, 0x59, 0x07, 0x13, 0x00, 0x3f, 0x2b, 0x11, 0x00,
  0x33, 0x18, 0x3f, 0x2b, 0x00, 0x18, 0x10, 0xc6, 0x5f, 0x5e, 0x5d, 0x11, 0x12, 0x01, 0x39, 0x39,
  0x11, 0x33, 0x11, 0x33, 0x11, 0x33, 0x11, 0x33, 0x31, 0x30, 0x01, 0x10, 0x02, 0x07, 0x01, 0x21,
  0x01, 0x23, 0x20, 0x00, 0x11, 0x10, 0x00, 0x21, 0x20, 0x00, 0x01, 0x14, 0x16, 0x33, 0x20, 0x11,
  0x10, 0x21, 0x22, 0x06, 0x05, 0xe7, 0xb7, 0xb1, 0x01, 0x60, 0xfe, 0x73, 0xfe, 0xf4, 0x17, 0xfe,
  0xb0, 0xfe, 0x98, 0x01, 0x69, 0x01, 0x51, 0x01, 0x51, 0x01, 0x65, 0xfb, 0xd5, 0xba, 0xb9, 0x01,
  0x73, 0xfe, 0x8f, 0xb9, 0xbc, 0x02, 0xdd, 0xfe, 0xfe, 0xfe, 0xa3, 0x51, 0xfe, 0x77, 0x01, 0x48,
  0x01, 0x86, 0x01, 0x6d, 0x01, 0x6d, 0x01, 0x81, 0xfe, 0x7c, 0xfe, 0x94, 0xf5, 0xf8, 0x01, 0xed,
  0x01, 0xee, 0xf9, 0x00, 0x00, 0x02, 0x00, 0xb8, 0x00, 0x00, 0x05, 0x48, 0x05, 0xb6, 0x00, 0x08,
  0x00, 0x16, 0x00, 0x4b, 0x40, 0x27, 0x14, 0x18, 0x13, 0x04, 0x00, 0x0a, 0x0a, 0x0b, 0x10, 0x04,
  0x0b, 0x04, 0x17, 0x18, 0x13, 0x09, 0x00, 0x09, 0x69, 0x59, 0x00, 0x00, 0x10, 0x00, 0x02, 0x10,
  0x03, 0x00, 0x00, 0x0c, 0x15, 0x0b, 0x12, 0x0c, 0x08, 0x69, 0x59, 0x0c, 0x03, 0x00, 0x3f, 0x2b,
  0x00, 0x18, 0x3f, 0x33, 0x12, 0x39, 0x2f, 0x5f, 0x5e, 0x5d, 0x2b, 0x11, 0x00, 0x33, 0x11, 0x12,
  0x01, 0x39, 0x39, 0x11, 0x33, 0x11, 0x33, 0x11, 0x33, 0x11, 0x33, 0x11, 0x33, 0x31, 0x30, 0x01,
  0x33, 0x32, 0x36, 0x35, 0x34, 0x26, 0x23, 0x23, 0x11, 0x11, 0x21, 0x11, 0x21, 0x20, 0x04, 0x15,
  0x14, 0x06, 0x07, 0x01, 0x21, 0x01, 0x01, 0xee, 0x64, 0x93, 0x8c, 0x8f, 0x96, 0x5e, 0xfe, 0xca,
  0x01, 0xaa, 0x01, 0x2a, 0x01, 0x1e, 0x8e, 0x82, 0x01, 0xae, 0xfe, 0xa8, 0xfe, 0xa3, 0x03, 0x2d,
  0x62, 0x69, 0x68, 0x58, 0xfd, 0x79, 0xfd, 0xcf, 0x05, 0xb6, 0xd9, 0xdd, 0x81, 0xc9, 0x39, 0xfd,
  0x83, 0x02, 0x31, 0x00, 0x00, 0x01, 0x00, 0x5e, 0xff, 0xec, 0x04, 0x17, 0x05, 0xcb, 0x00, 0x27,
  0x00, 0x3a, 0x40, 0x1e, 0x1a, 0x00, 0x05, 0x21, 0x14, 0x00, 0x0c, 0x14, 0x0c, 0x28, 0x29, 0x21,
  0x00, 0x14, 0x0c, 0x04, 0x03, 0x17, 0x17, 0x1e, 0x69, 0x59, 0x17, 0x04, 0x03, 0x09, 0x69, 0x59,
  0x03, 0x13, 0x00, 0x3f, 0x2b, 0x00, 0x18, 0x3f, 0x2b, 0x11, 0x12, 0x00, 0x17, 0x39, 0x11, 0x12,
  0x01, 0x39, 0x39, 0x11, 0x33, 0x11, 0x33, 0x33, 0x11, 0x33, 0x31, 0x30, 0x01, 0x14, 0x04, 0x23,
  0x22, 0x27, 0x11, 0x16, 0x16, 0x33, 0x32, 0x36, 0x35, 0x34, 0x26, 0x26, 0x27, 0x2e, 0x02, 0x35,
  0x34, 0x24, 0x33, 0x32, 0x16, 0x17, 0x07, 0x26, 0x26, 0x23, 0x22, 0x06, 0x15, 0x14, 0x16, 0x16,
  0x17, 0x16, 0x16, 0x04, 0x17, 0xfe, 0xe3, 0xfe, 0xea, 0xb4, 0x94, 0xcd, 0x55, 0x66, 0x6d, 0x30,
  0x5d, 0x8f, 0x86, 0x86, 0x50, 0x01, 0x07, 0xe8, 0x72, 0xcf, 0x71, 0x64, 0x75, 0x99, 0x4a, 0x58,
  0x5e, 0x26, 0x53, 0x9b, 0xcd, 0x98, 0x01, 0x96, 0xc6, 0xe4, 0x58, 0x01, 0x20, 0x42, 0x36, 0x4e,
  0x4d, 0x2b, 0x43, 0x3e, 0x44, 0x3f, 0x74, 0x9a, 0x67, 0xc2, 0xde, 0x36, 0x31, 0xf1, 0x30, 0x26,
  0x52, 0x42, 0x29, 0x3d, 0x39, 0x4a, 0x62, 0xc5, 0x00, 0x01, 0x00, 0x29, 0x00, 0x00, 0x04, 0x79,
  0x05, 0xb6, 0x00, 0x07, 0x00, 0x25, 0x40, 0x12, 0x00, 0x01, 0x06, 0x01, 0x03, 0x03, 0x08, 0x09,
  0x01, 0x12, 0x07, 0x03, 0x04, 0x03, 0x69, 0x59, 0x04, 0x03, 0x00, 0x3f, 0x2b, 0x11, 0x00, 0x33,
  0x18, 0x3f, 0x11, 0x12, 0x01, 0x17, 0x39, 0x11, 0x33, 0x31, 0x30, 0x21, 0x21, 0x11, 0x21, 0x11,
  0x21, 0x11, 0x21, 0x02, 0xec, 0xfe, 0xca, 0xfe, 0x73, 0x04, 0x50, 0xfe, 0x73, 0x04, 0xb4, 0x01,
  0x02, 0xfe, 0xfe, 0x00, 0x00, 0x01, 0x00, 0xae, 0xff, 0xec, 0x05, 0x5e, 0x05, 0xb6, 0x00, 0x12,
  0x00, 0x25, 0x40, 0x11, 0x0b, 0x08, 0x01, 0x11, 0x08, 0x11, 0x13, 0x14, 0x12, 0x09, 0x03, 0x05,
  0x0e, 0x69, 0x59, 0x05, 0x13, 0x00, 0x3f, 0x2b, 0x00, 0x18, 0x3f, 0x33, 0x11, 0x12, 0x01, 0x39,
  0x39, 0x11, 0x33, 0x11, 0x33, 0x31, 0x30, 0x01, 0x11, 0x14, 0x06, 0x04, 0x23, 0x20, 0x00, 0x35,
  0x11, 0x21, 0x11, 0x14, 0x16, 0x33, 0x32, 0x36, 0x35, 0x11, 0x05, 0x5e, 0x91, 0xfe, 0xee, 0xbb,
  0xfe, 0xe6, 0xfe, 0xc8, 0x01, 0x35, 0x88, 0x9d, 0x98, 0x89, 0x05, 0xb6, 0xfc, 0x4e, 0xa2, 0xf4,
  0x82, 0x01, 0x21, 0xfb, 0x03, 0xae, 0xfc, 0x81, 0xa9, 0x9e, 0x9f, 0xaa, 0x03, 0x7d, 0x00, 0x01,
  0x00, 0x00, 0x00, 0x00, 0x05, 0x33, 0x05, 0xb6, 0x00, 0x0b, 0x00, 0x1a, 0x40, 0x0b, 0x01, 0x0d,
  0x04, 0x0c, 0x09, 0x03, 0x00, 0x04, 0x03, 0x03, 0x12, 0x00, 0x3f, 0x3f, 0x33, 0x12, 0x39, 0x11,
  0x01, 0x33, 0x11, 0x33, 0x31, 0x30, 0x01, 0x21, 0x01, 0x21, 0x01, 0x21, 0x01, 0x16, 0x16, 0x17,
  0x36, 0x37, 0x03, 0xfa, 0x01, 0x39, 0xfe, 0x0f, 0xfe, 0xae, 0xfe, 0x10, 0x01, 0x39, 0x01, 0x13,
  0x17, 0x31, 0x06, 0x0b, 0x40, 0x05, 0xb6, 0xfa, 0x4a, 0x05, 0xb6, 0xfc, 0x9a, 0x4d, 0xcd, 0x28,
  0x5c, 0xe6, 0x00, 0x01, 0x00, 0x00, 0x00, 0x00, 0x07, 0xbc, 0x05, 0xb6, 0x00, 0x1d, 0x00, 0x22,
  0x40, 0x10, 0x1d, 0x1f, 0x0b, 0x1e, 0x05, 0x0f, 0x18, 0x03, 0x0a, 0x1c, 0x13, 0x0b, 0x03, 0x01,
  0x0a, 0x12, 0x00, 0x3f, 0x33, 0x3f, 0x33, 0x33, 0x12, 0x17, 0x39, 0x11, 0x01, 0x33, 0x11, 0x33,
  0x31, 0x30, 0x21, 0x21, 0x03, 0x26, 0x02, 0x27, 0x06, 0x06, 0x07, 0x03, 0x21, 0x01, 0x21, 0x13,
  0x16, 0x17, 0x36, 0x36, 0x37, 0x13, 0x21, 0x13, 0x16, 0x16, 0x17, 0x36, 0x36, 0x37, 0x13, 0x21,
  0x06, 0x48, 0xfe, 0x9f, 0xc6, 0x0b, 0x35, 0x04, 0x06, 0x30, 0x0d, 0xc5, 0xfe, 0xa0, 0xfe, 0x8b,
  0x01, 0x31, 0xbb, 0x31, 0x16, 0x06, 0x2b, 0x13, 0xd5, 0x01, 0x25, 0xd5, 0x0e, 0x2a, 0x0b, 0x0a,
  0x2c, 0x12, 0xba, 0x01, 0x31, 0x03, 0x00, 0x29, 0x01, 0x01, 0x2c, 0x36, 0xef, 0x33, 0xfd, 0x02,
  0x05, 0xb6, 0xfc, 0xe2, 0xdd, 0xa2, 0x39, 0xef, 0x42, 0x03, 0x33, 0xfc, 0xcd, 0x37, 0xe2, 0x51,
  0x4e, 0xe9, 0x48, 0x03, 0x1e, 0x00, 0x00, 0x01, 0x00, 0x00, 0x00, 0x00, 0x05, 0x56, 0x05, 0xb6,
  0x00, 0x0b, 0x00, 0x34, 0x40, 0x19, 0x0a, 0x00, 0x00, 0x0d, 0x06, 0x04, 0x08, 0x05, 0x0b, 0x02,
  0x02, 0x05, 0x04, 0x03, 0x0c, 0x0d, 0x08, 0x02, 0x04, 0x09, 0x06, 0x03, 0x01, 0x04, 0x12, 0x00,
  0x3f, 0x33, 0x3f, 0x33, 0x12, 0x39, 0x39, 0x11, 0x12, 0x01, 0x17, 0x39, 0x11, 0x33, 0x11, 0x33,
  0x11, 0x33, 0x11, 0x33, 0x11, 0x33, 0x31, 0x30, 0x21, 0x21, 0x01, 0x01, 0x21, 0x01, 0x01, 0x21,
  0x01, 0x01, 0x21, 0x01, 0x05, 0x56, 0xfe, 0x9e, 0xfe, 0xac, 0xfe, 0xac, 0xfe, 0xb4, 0x01, 0xe5,
  0xfe, 0x3a, 0x01, 0x56, 0x01, 0x3b, 0x01, 0x35, 0x01, 0x4e, 0xfe, 0x35, 0x02, 0x29, 0xfd, 0xd7,
  0x02, 0xf2, 0x02, 0xc4, 0xfd, 0xf2, 0x02, 0x0e, 0xfd, 0x2b, 0x00, 0x01, 0x00, 0x00, 0x00, 0x00,
  0x04, 0xfe, 0x05, 0xb6, 0x00, 0x08, 0x00, 0x22, 0x40, 0x0f, 0x02, 0x0a, 0x07, 0x04, 0x05, 0x05,
  0x09, 0x0a, 0x00, 0x05, 0x01, 0x07, 0x03, 0x05, 0x12, 0x00, 0x3f, 0x3f, 0x33, 0x12, 0x39, 0x11,
  0x12, 0x01, 0x39, 0x11, 0x33, 0x32, 0x11, 0x33, 0x31, 0x30, 0x01, 0x01, 0x21, 0x01, 0x11, 0x21,
  0x11, 0x01, 0x21, 0x02, 0x7f, 0x01, 0x31, 0x01, 0x4e, 0xfe, 0x1b, 0xfe, 0xcc, 0xfe, 0x1b, 0x01,
  0x50, 0x03, 0x5c, 0x02, 0x5a, 0xfc, 0x83, 0xfd, 0xc7, 0x02, 0x2f, 0x03, 0x87, 0x00, 0x00, 0x01,
  0x00, 0x31, 0x00, 0x00, 0x04, 0x71, 0x05, 0xb6, 0x00, 0x09, 0x00, 0x38, 0x40, 0x1d, 0x04, 0x01,
  0x07, 0x00, 0x00, 0x03, 0x08, 0x01, 0x04, 0x0a, 0x0b, 0x07, 0x04, 0x05, 0x05, 0x04, 0x69, 0x59,
  0x05, 0x03, 0x02, 0x08, 0x01, 0x01, 0x08, 0x69, 0x59, 0x01, 0x12, 0x00, 0x3f, 0x2b, 0x11, 0x12,
  0x00, 0x39, 0x18, 0x3f, 0x2b, 0x11, 0x12, 0x00, 0x39, 0x11, 0x12, 0x01, 0x17, 0x39, 0x11, 0x33,
  0x11, 0x33, 0x31, 0x30, 0x21, 0x21, 0x35, 0x01, 0x21, 0x11, 0x21, 0x15, 0x01, 0x21, 0x04, 0x71,
  0xfb, 0xc0, 0x02, 0xbd, 0xfd, 0x56, 0x04, 0x1a, 0xfd, 0x44, 0x02, 0xcf, 0xc9, 0x03, 0xed, 0x01,
  0x00, 0xc8, 0xfc, 0x12, 0x00, 0x01, 0x01, 0x4c, 0x04, 0xd9, 0x03, 0x8d, 0x06, 0x21, 0x00, 0x08,
  0x00, 0x1a, 0x40, 0x0c, 0x03, 0x08, 0x09, 0x0a, 0x04, 0x80, 0x0f, 0x00, 0x5f, 0x00, 0x02, 0x00,
  0x00, 0x2f, 0x5d, 0x1a, 0xcd, 0x11, 0x12, 0x01, 0x39, 0x39, 0x31, 0x30, 0x01, 0x26, 0x26, 0x27,
  0x35, 0x21, 0x16, 0x17, 0x15, 0x02, 0xc3, 0x3f, 0xf4, 0x44, 0x01, 0x56, 0x3f, 0xac, 0x04, 0xd9,
  0x2c, 0xc5, 0x42, 0x15, 0x65, 0xc8, 0x1b, 0x00, 0x00, 0x02, 0x00, 0x56, 0xff, 0xec, 0x04, 0x3b,
  0x04, 0x75, 0x00, 0x18, 0x00, 0x22, 0x00, 0x57, 0x40, 0x30, 0x12, 0x1d, 0x08, 0x18, 0x0c, 0x22,
  0x08, 0x22, 0x23, 0x24, 0x02, 0x00, 0x14, 0x0c, 0x19, 0x67, 0x59, 0x4f, 0x0c, 0x5f, 0x0c, 0x02,
  0x03, 0x1f, 0x0c, 0x01, 0x0c, 0x0c, 0x14, 0x00, 0x15, 0x0f, 0x0f, 0x01, 0x0c, 0x06, 0x14, 0x0f,
  0x60, 0x59, 0x14, 0x10, 0x05, 0x1f, 0x5f, 0x59, 0x05, 0x16, 0x00, 0x3f, 0x2b, 0x00, 0x18, 0x3f,
  0x2b, 0x00, 0x5f, 0x5e, 0x5d, 0x18, 0x3f, 0x12, 0x39, 0x2f, 0x5d, 0x5f, 0x5d, 0x2b, 0x11, 0x12,
  0x00, 0x39, 0x11, 0x12, 0x01, 0x39, 0x39, 0x11, 0x33, 0x33, 0x11, 0x33, 0x33, 0x31, 0x30, 0x21,
  0x27, 0x23, 0x06, 0x06, 0x23, 0x22, 0x26, 0x35, 0x34, 0x36, 0x37, 0x37, 0x35, 0x34, 0x23, 0x22,
  0x07, 0x27, 0x36, 0x33, 0x32, 0x16, 0x15, 0x11, 0x01, 0x07, 0x06, 0x06, 0x15, 0x14, 0x33, 0x32,
  0x36, 0x35, 0x03, 0x66, 0x3b, 0x08, 0x4d, 0xa3, 0x83, 0xa1, 0xb9, 0xf9, 0xfb, 0xc2, 0xae, 0x86,
  0xb5, 0x65, 0xc1, 0xeb, 0xe1, 0xf0, 0xfe, 0xd1, 0x76, 0x85, 0x82, 0x94, 0x6a, 0x7f, 0x98, 0x61,
  0x4b, 0xb8, 0xaa, 0xb2, 0xa9, 0x09, 0x06, 0x31, 0xaa, 0x51, 0xce, 0x65, 0xc4, 0xc8, 0xfd, 0x17,
  0x02, 0x06, 0x04, 0x04, 0x58, 0x5a, 0x81, 0x7a, 0x65, 0x00, 0x00, 0x02, 0x00, 0xa0, 0xff, 0xec,
  0x04, 0xb4, 0x06, 0x14, 0x00, 0x12, 0x00, 0x1f, 0x00, 0x38, 0x40, 0x1c, 0x10, 0x0b, 0x03, 0x1d,
  0x0b, 0x1d, 0x20, 0x21, 0x10, 0x09, 0x06, 0x00, 0x0c, 0x00, 0x0b, 0x15, 0x00, 0x13, 0x5d, 0x59,
  0x00, 0x10, 0x06, 0x1a, 0x5d, 0x59, 0x06, 0x16, 0x00, 0x3f, 0x2b, 0x00, 0x18, 0x3f, 0x2b, 0x00,
  0x18, 0x3f, 0x3f, 0x11, 0x12, 0x39, 0x39, 0x11, 0x12, 0x01, 0x39, 0x39, 0x11, 0x33, 0x11, 0x33,
  0x31, 0x30, 0x01, 0x32, 0x12, 0x11, 0x10, 0x02, 0x23, 0x22, 0x27, 0x23, 0x07, 0x23, 0x11, 0x21,
  0x11, 0x14, 0x07, 0x33, 0x36, 0x17, 0x22, 0x06, 0x07, 0x15, 0x14, 0x16, 0x33, 0x32, 0x36, 0x35,
  0x34, 0x26, 0x03, 0x0e, 0xc6, 0xe0, 0xe7, 0xc7, 0xc5, 0x70, 0x15, 0x33, 0xe9, 0x01, 0x31, 0x0c,
  0x0c, 0x6b, 0x70, 0x71, 0x68, 0x02, 0x6b, 0x74, 0x5e, 0x6f, 0x70, 0x04, 0x73, 0xfe, 0xcb, 0xfe,
  0xf3, 0xfe, 0xeb, 0xfe, 0xd0, 0x8f, 0x7b, 0x06, 0x14, 0xfe, 0x96, 0x45, 0x98, 0xa6, 0xf4, 0x8b,
  0xa0, 0x21, 0xb4, 0x9c, 0xad, 0xa5, 0xa5, 0xa5, 0x00, 0x01, 0x00, 0x5c, 0xff, 0xec, 0x03, 0xdd,
  0x04, 0x73, 0x00, 0x15, 0x00, 0x26, 0x40, 0x14, 0x0d, 0x02, 0x07, 0x13, 0x02, 0x03, 0x16, 0x17,
  0x05, 0x0b, 0x5d, 0x59, 0x05, 0x10, 0x00, 0x0f, 0x5d, 0x59, 0x00, 0x16, 0x00, 0x3f, 0x2b, 0x00,
  0x18, 0x3f, 0x2b, 0x11, 0x12, 0x01, 0x17, 0x39, 0x11, 0x33, 0x31, 0x30, 0x05, 0x20, 0x11, 0x10,
  0x00, 0x21, 0x32, 0x17, 0x07, 0x26, 0x26, 0x23, 0x22, 0x11, 0x10, 0x33, 0x32, 0x36, 0x37, 0x11,
  0x06, 0x06, 0x02, 0x66, 0xfd, 0xf6, 0x01, 0x1c, 0x01, 0x09, 0xc2, 0x9a, 0x5a, 0x48, 0x7c, 0x3e,
  0xee, 0xee, 0x58, 0x96, 0x4b, 0x4a, 0x97, 0x14, 0x02, 0x3d, 0x01, 0x1d, 0x01, 0x2d, 0x4c, 0xec,
  0x1d, 0x25, 0xfe, 0xae, 0xfe, 0xb8, 0x2f, 0x32, 0xfe, 0xfb, 0x2f, 0x24, 0x00, 0x02, 0x00, 0x5c,
  0xff, 0xec, 0x04, 0x71, 0x06, 0x14, 0x00, 0x12, 0x00, 0x1f, 0x00, 0x3c, 0x40, 0x1e, 0x1d, 0x03,
  0x0e, 0x0b, 0x09, 0x16, 0x03, 0x16, 0x20, 0x21, 0x09, 0x11, 0x00, 0x06, 0x0c, 0x00, 0x0f, 0x15,
  0x06, 0x1a, 0x5d, 0x59, 0x06, 0x10, 0x00, 0x13, 0x5d, 0x59, 0x00, 0x16, 0x00, 0x3f, 0x2b, 0x00,
  0x18, 0x3f, 0x2b, 0x00, 0x18, 0x3f, 0x3f, 0x11, 0x12, 0x39, 0x39, 0x11, 0x12, 0x01, 0x39, 0x39,
  0x11, 0x33, 0x33, 0x33, 0x11, 0x33, 0x31, 0x30, 0x05, 0x22, 0x02, 0x11, 0x10, 0x12, 0x33, 0x32,
  0x17, 0x33, 0x26, 0x35, 0x11, 0x21, 0x11, 0x23, 0x27, 0x23, 0x06, 0x27, 0x32, 0x36, 0x37, 0x35,
  0x34, 0x26, 0x23, 0x22, 0x06, 0x15, 0x14, 0x16, 0x02, 0x02, 0xc5, 0xe1, 0xe5, 0xc9, 0xd3, 0x6f,
  0x0a, 0x17, 0x01, 0x32, 0xea, 0x3b, 0x0d, 0x68, 0x6a, 0x75, 0x6d, 0x05, 0x6f, 0x7d, 0x66, 0x71,
  0x72, 0x14, 0x01, 0x32, 0x01, 0x0f, 0x01, 0x13, 0x01, 0x33, 0xa4, 0x7d, 0x62, 0x01, 0x66, 0xf9,
  0xec, 0x91, 0xa5, 0xf3, 0x88, 0xa3, 0x21, 0xb4, 0x9c, 0xad, 0xa5, 0xa5, 0xa5, 0x00, 0x00, 0x02,
  0x00, 0x5c, 0xff, 0xec, 0x04, 0x62, 0x04, 0x73, 0x00, 0x06, 0x00, 0x1b, 0x00, 0x60, 0x40, 0x36,
  0x19, 0x11, 0x03, 0x12, 0x12, 0x0a, 0x11, 0x04, 0x0a, 0x04, 0x1c, 0x1d, 0x0f, 0x12, 0x01, 0x0d,
  0x05, 0x03, 0x12, 0x66, 0x59, 0xe5, 0x03, 0x01, 0xa9, 0x03, 0x01, 0x4c, 0x03, 0x5c, 0x03, 0x02,
  0x03, 0x03, 0x03, 0x07, 0x0d, 0x0f, 0x00, 0x01, 0x0c, 0x06, 0x0d, 0x00, 0x5f, 0x59, 0x0d, 0x10,
  0x07, 0x15, 0x60, 0x59, 0x07, 0x16, 0x00, 0x3f, 0x2b, 0x00, 0x18, 0x3f, 0x2b, 0x00, 0x5f, 0x5e,
  0x5d, 0x11, 0x12, 0x39, 0x18, 0x2f, 0x5f, 0x5d, 0x5d, 0x5d, 0x2b, 0x00, 0x5f, 0x5e, 0x5d, 0x11,
  0x12, 0x01, 0x39, 0x39, 0x11, 0x33, 0x11, 0x33, 0x11, 0x33, 0x11, 0x33, 0x31, 0x30, 0x01, 0x22,
  0x06, 0x07, 0x21, 0x26, 0x26, 0x03, 0x20, 0x00, 0x11, 0x10, 0x00, 0x33, 0x32, 0x00, 0x15, 0x15,
  0x21, 0x16, 0x16, 0x33, 0x32, 0x36, 0x37, 0x15, 0x06, 0x06, 0x02, 0x6f, 0x61, 0x6e, 0x08, 0x01,
  0xac, 0x02, 0x72, 0x36, 0xfe, 0xf2, 0xfe, 0xd0, 0x01, 0x19, 0xf8, 0xed, 0x01, 0x08, 0xfd, 0x2f,
  0x05, 0x90, 0x82, 0x65, 0xb4, 0x62, 0x50, 0xb6, 0x03, 0x9a, 0x7b, 0x71, 0x71, 0x7b, 0xfc, 0x52,
  0x01, 0x2a, 0x01, 0x11, 0x01, 0x19, 0x01, 0x33, 0xfe, 0xf2, 0xee, 0x94, 0x82, 0x92, 0x2a, 0x2e,
  0xec, 0x28, 0x27, 0x00, 0x00, 0x01, 0x00, 0x29, 0x00, 0x00, 0x03, 0x75, 0x06, 0x1f, 0x00, 0x15,
  0x00, 0x41, 0x40, 0x20, 0x0d, 0x17, 0x00, 0x02, 0x05, 0x03, 0x14, 0x02, 0x02, 0x07, 0x03, 0x03,
  0x16, 0x17, 0x03, 0x15, 0x0b, 0x10, 0x5d, 0x59, 0x0b, 0x01, 0x07, 0x14, 0x04, 0x01, 0x14, 0x01,
  0x60, 0x59, 0x14, 0x0f, 0x00, 0x3f, 0x2b, 0x11, 0x00, 0x33, 0x11, 0x33, 0x18, 0x3f, 0x2b, 0x00,
  0x18, 0x3f, 0x11, 0x12, 0x01, 0x39, 0x11, 0x33, 0x33, 0x11, 0x33, 0x11, 0x33, 0x11, 0x33, 0x11,
  0x33, 0x31, 0x30, 0x01, 0x21, 0x11, 0x21, 0x11, 0x23, 0x35, 0x37, 0x35, 0x34, 0x36, 0x33, 0x32,
  0x17, 0x07, 0x26, 0x23, 0x22, 0x06, 0x15, 0x15, 0x21, 0x03, 0x0a, 0xfe, 0xf8, 0xfe, 0xcf, 0xa8,
  0xa8, 0xbc, 0xcf, 0x9e, 0x7b, 0x4e, 0x5c, 0x4e, 0x41, 0x3a, 0x01, 0x08, 0x03, 0x79, 0xfc, 0x87,
  0x03, 0x79, 0x93, 0x52, 0x52, 0xbf, 0xb0, 0x2f, 0xe0, 0x1d, 0x4d, 0x3c, 0x46, 0x00, 0x00, 0x02,
  0x00, 0x5c, 0xfe, 0x14, 0x04, 0x71, 0x04, 0x73, 0x00, 0x0b, 0x00, 0x26, 0x00, 0x46, 0x40, 0x25,
  0x11, 0x09, 0x1e, 0x0c, 0x24, 0x03, 0x03, 0x18, 0x16, 0x1e, 0x04, 0x27, 0x28, 0x23, 0x19, 0x1b,
  0x21, 0x25, 0x0f, 0x21, 0x07, 0x5d, 0x59, 0x21, 0x10, 0x1b, 0x00, 0x5e, 0x59, 0x1b, 0x16, 0x0f,
  0x14, 0x5f, 0x59, 0x0f, 0x1b, 0x00, 0x3f, 0x2b, 0x00, 0x18, 0x3f, 0x2b, 0x00, 0x18, 0x3f, 0x2b,
  0x00, 0x18, 0x3f, 0x11, 0x12, 0x39, 0x39, 0x11, 0x12, 0x01, 0x17, 0x39, 0x11, 0x33, 0x33, 0x11,
  0x33, 0x33, 0x31, 0x30, 0x25, 0x32, 0x36, 0x35, 0x35, 0x34, 0x26, 0x23, 0x22, 0x11, 0x14, 0x16,
  0x05, 0x14, 0x04, 0x21, 0x22, 0x27, 0x35, 0x16, 0x33, 0x32, 0x35, 0x35, 0x37, 0x23, 0x06, 0x23,
  0x22, 0x02, 0x11, 0x10, 0x12, 0x33, 0x32, 0x17, 0x33, 0x37, 0x21, 0x02, 0x6f, 0x7b, 0x6a, 0x6f,
  0x7b, 0xd7, 0x6b, 0x02, 0x73, 0xfe, 0xe7, 0xfe, 0xea, 0xf5, 0xad, 0xcb, 0xe9, 0xeb, 0x09, 0x09,
  0x6b, 0xd2, 0xc9, 0xdd, 0xe5, 0xc9, 0xce, 0x76, 0x08, 0x19, 0x01, 0x02, 0xdb, 0x8d, 0x9e, 0x25,
  0xb3, 0x9d, 0xfe, 0xae, 0xa8, 0xa6, 0xdd, 0xf1, 0xf9, 0x42, 0xf4, 0x56, 0xfe, 0x16, 0x89, 0xa5,
  0x01, 0x36, 0x01, 0x0b, 0x01, 0x13, 0x01, 0x33, 0xa4, 0x8f, 0x00, 0x01, 0x00, 0xa0, 0x00, 0x00,
  0x04, 0xa8, 0x06, 0x14, 0x00, 0x15, 0x00, 0x34, 0x40, 0x19, 0x0f, 0x0c, 0x08, 0x08, 0x09, 0x00,
  0x01, 0x09, 0x01, 0x16, 0x17, 0x0f, 0x09, 0x12, 0x0a, 0x00, 0x01, 0x09, 0x15, 0x12, 0x04, 0x5d,
  0x59, 0x12, 0x10, 0x00, 0x3f, 0x2b, 0x00, 0x18, 0x3f, 0x33, 0x3f, 0x11, 0x12, 0x39, 0x11, 0x12,
  0x01, 0x39, 0x39, 0x11, 0x33, 0x11, 0x33, 0x11, 0x33, 0x33, 0x31, 0x30, 0x21, 0x21, 0x11, 0x34,
  0x23, 0x22, 0x06, 0x15, 0x11, 0x21, 0x11, 0x21, 0x11, 0x14, 0x07, 0x07, 0x33, 0x36, 0x33, 0x32,
  0x16, 0x15, 0x04, 0xa8, 0xfe, 0xcf, 0xb4, 0x80, 0x72, 0xfe, 0xcf, 0x01, 0x31, 0x07, 0x07, 0x10,
  0x66, 0xde, 0xc5, 0xcc, 0x02, 0x8d, 0xf2, 0xae, 0xc3, 0xfd, 0xf2, 0x06, 0x14, 0xfe, 0xc3, 0x25,
  0x89, 0x5a, 0xa4, 0xd4, 0xc6, 0x00, 0x00, 0x02, 0x00, 0x93, 0x00, 0x00, 0x01, 0xdf, 0x06, 0x14,
  0x00, 0x08, 0x00, 0x0c, 0x00, 0x33, 0x40, 0x1b, 0x04, 0x09, 0x09, 0x00, 0x0a, 0x0a, 0x0d, 0x0e,
  0x19, 0x07, 0x01, 0x03, 0x0f, 0x07, 0x01, 0x0a, 0x06, 0x02, 0x07, 0x63, 0x59, 0x02, 0x00, 0x0b,
  0x0f, 0x0a, 0x15, 0x00, 0x3f, 0x3f, 0x3f, 0x2b, 0x00, 0x5f, 0x5e, 0x5d, 0x5f, 0x5d, 0x11, 0x12,
  0x01, 0x39, 0x11, 0x33, 0x33, 0x11, 0x33, 0x31, 0x30, 0x13, 0x34, 0x33, 0x32, 0x15, 0x14, 0x06,
  0x23, 0x22, 0x01, 0x21, 0x11, 0x21, 0x93, 0xa6, 0xa6, 0x53, 0x53, 0xa6, 0x01, 0x3e, 0xfe, 0xcf,
  0x01, 0x31, 0x05, 0x7f, 0x95, 0x95, 0x47, 0x4f, 0xfb, 0x17, 0x04, 0x5e, 0x00, 0x02, 0xff, 0x7d,
  0xfe, 0x14, 0x01, 0xdf, 0x06, 0x14, 0x00, 0x0d, 0x00, 0x16, 0x00, 0x3c, 0x40, 0x20, 0x02, 0x12,
  0x0b, 0x0b, 0x0e, 0x08, 0x08, 0x17, 0x18, 0x19, 0x15, 0x01, 0x03, 0x0f, 0x15, 0x01, 0x0a, 0x06,
  0x10, 0x15, 0x63, 0x59, 0x10, 0x00, 0x09, 0x0f, 0x00, 0x05, 0x5d, 0x59, 0x00, 0x1b, 0x00, 0x3f,
  0x2b, 0x00, 0x18, 0x3f, 0x3f, 0x2b, 0x00, 0x5f, 0x5e, 0x5d, 0x5f, 0x5d, 0x11, 0x12, 0x01, 0x39,
  0x11, 0x33, 0x33, 0x11, 0x33, 0x32, 0x31, 0x30, 0x13, 0x22, 0x27, 0x35, 0x16, 0x33, 0x32, 0x36,
  0x35, 0x11, 0x21, 0x11, 0x14, 0x06, 0x03, 0x34, 0x33, 0x32, 0x15, 0x14, 0x06, 0x23, 0x22, 0x46,
  0x75, 0x54, 0x46, 0x49, 0x4d, 0x47, 0x01, 0x31, 0xce, 0x70, 0xa6, 0xa6, 0x53, 0x53, 0xa6, 0xfe,
  0x14, 0x19, 0xf0, 0x13, 0x56, 0x54, 0x04, 0xaa, 0xfb, 0x29, 0xb2, 0xc1, 0x07, 0x6b, 0x95, 0x95,
  0x47, 0x4f, 0x00, 0x01, 0x00, 0xa0, 0x00, 0x00, 0x04, 0xf6, 0x06, 0x14, 0x00, 0x0e, 0x00, 0x37,
  0x40, 0x1b, 0x03, 0x05, 0x05, 0x10, 0x0e, 0x0a, 0x04, 0x07, 0x0a, 0x07, 0x0f, 0x10, 0x07, 0x04,
  0x00, 0x03, 0x08, 0x08, 0x0a, 0x02, 0x0b, 0x00, 0x02, 0x0f, 0x06, 0x0a, 0x15, 0x00, 0x3f, 0x33,
  0x3f, 0x3f, 0x11, 0x12, 0x39, 0x11, 0x17, 0x33, 0x11, 0x12, 0x01, 0x39, 0x39, 0x11, 0x33, 0x11,
  0x33, 0x11, 0x33, 0x11, 0x33, 0x31, 0x30, 0x01, 0x37, 0x01, 0x21, 0x01, 0x01, 0x21, 0x01, 0x07,
  0x11, 0x21, 0x11, 0x21, 0x11, 0x07, 0x01, 0xc5, 0x85, 0x01, 0x39, 0x01, 0x58, 0xfe, 0x44, 0x01,
  0xd7, 0xfe, 0xa0, 0xfe, 0xbe, 0x83, 0xfe, 0xcf, 0x01, 0x31, 0x10, 0x02, 0x60, 0xaa, 0x01, 0x54,
  0xfe, 0x1b, 0xfd, 0x87, 0x01, 0xc5, 0x69, 0xfe, 0xa4, 0x06, 0x14, 0xfd, 0x4a, 0xfe, 0x00, 0x01,
  0x00, 0xa0, 0x00, 0x00, 0x01, 0xd1, 0x06, 0x14, 0x00, 0x03, 0x00, 0x16, 0x40, 0x09, 0x00, 0x01,
  0x01, 0x04, 0x05, 0x02, 0x00, 0x01, 0x15, 0x00, 0x3f, 0x3f, 0x11, 0x12, 0x01, 0x39, 0x11, 0x33,
  0x31, 0x30, 0x21, 0x21, 0x11, 0x21, 0x01, 0xd1, 0xfe, 0xcf, 0x01, 0x31, 0x06, 0x14, 0x00, 0x01,
  0x00, 0xa0, 0x00, 0x00, 0x07, 0x42, 0x04, 0x73, 0x00, 0x23, 0x00, 0x3e, 0x40, 0x1f, 0x0d, 0x0a,
  0x00, 0x01, 0x1b, 0x1c, 0x1c, 0x01, 0x0a, 0x03, 0x24, 0x25, 0x13, 0x0d, 0x0a, 0x11, 0x0b, 0x0f,
  0x1c, 0x01, 0x0a, 0x15, 0x20, 0x05, 0x11, 0x05, 0x5d, 0x59, 0x17, 0x11, 0x10, 0x00, 0x3f, 0x33,
  0x2b, 0x11, 0x00, 0x33, 0x18, 0x3f, 0x33, 0x33, 0x3f, 0x11, 0x12, 0x39, 0x39, 0x11, 0x12, 0x01,
  0x17, 0x39, 0x11, 0x33, 0x11, 0x33, 0x11, 0x33, 0x31, 0x30, 0x21, 0x21, 0x11, 0x34, 0x26, 0x23,
  0x22, 0x06, 0x15, 0x11, 0x21, 0x11, 0x33, 0x17, 0x33, 0x36, 0x36, 0x33, 0x32, 0x17, 0x33, 0x36,
  0x36, 0x33, 0x32, 0x16, 0x15, 0x11, 0x21, 0x11, 0x34, 0x26, 0x23, 0x22, 0x06, 0x15, 0x04, 0x89,
  0xfe, 0xcf, 0x51, 0x57, 0x75, 0x6a, 0xfe, 0xcf, 0xe9, 0x29, 0x11, 0x2d, 0xaa, 0x6e, 0xfb, 0x59,
  0x1b, 0x2d, 0xaf, 0x6e, 0xbe, 0xc3, 0xfe, 0xce, 0x51, 0x57, 0x70, 0x6f, 0x02, 0x8d, 0x79, 0x79,
  0xac, 0xc5, 0xfd, 0xf2, 0x04, 0x5e, 0x8f, 0x4d, 0x57, 0xa4, 0x4e, 0x56, 0xc3, 0xd7, 0xfd, 0x27,
  0x02, 0x8d, 0x79, 0x79, 0xa0, 0xae, 0x00, 0x01, 0x00, 0xa0, 0x00, 0x00, 0x04, 0xa8, 0x04, 0x73,
  0x00, 0x14, 0x00, 0x2e, 0x40, 0x16, 0x0d, 0x0a, 0x00, 0x01, 0x0a, 0x01, 0x15, 0x16, 0x0d, 0x0a,
  0x11, 0x0b, 0x0f, 0x01, 0x0a, 0x15, 0x11, 0x05, 0x5d, 0x59, 0x11, 0x10, 0x00, 0x3f, 0x2b, 0x00,
  0x18, 0x3f, 0x33, 0x3f, 0x11, 0x12, 0x39, 0x11, 0x12, 0x01, 0x39, 0x39, 0x11, 0x33, 0x11, 0x33,
  0x31, 0x30, 0x21, 0x21, 0x11, 0x34, 0x26, 0x23, 0x22, 0x06, 0x15, 0x11, 0x21, 0x11, 0x33, 0x17,
  0x33, 0x36, 0x36, 0x33, 0x32, 0x16, 0x15, 0x04, 0xa8, 0xfe, 0xcf, 0x56, 0x5e, 0x80, 0x72, 0xfe,
  0xcf, 0xe9, 0x29, 0x11, 0x33, 0xb3, 0x72, 0xc3, 0xca, 0x02, 0x8d, 0x79, 0x79, 0xab, 0xc6, 0xfd,
  0xf2, 0x04, 0x5e, 0x8f, 0x51, 0x53, 0xd3, 0xc7, 0x00, 0x02, 0x00, 0x5c, 0xff, 0xec, 0x04, 0x98,
  0x04, 0x73, 0x00, 0x0b, 0x00, 0x19, 0x00, 0x28, 0x40, 0x14, 0x00, 0x13, 0x0c, 0x06, 0x13, 0x06,
  0x1a, 0x1b, 0x16, 0x09, 0x5d, 0x59, 0x16, 0x10, 0x0f, 0x03, 0x5d, 0x59, 0x0f, 0x16, 0x00, 0x3f,
  0x2b, 0x00, 0x18, 0x3f, 0x2b, 0x11, 0x12, 0x01, 0x39, 0x39, 0x11, 0x33, 0x11, 0x33, 0x31, 0x30,
  0x01, 0x14, 0x16, 0x33, 0x32, 0x36, 0x35, 0x34, 0x26, 0x23, 0x22, 0x06, 0x05, 0x10, 0x00, 0x21,
  0x22, 0x26, 0x02, 0x35, 0x10, 0x00, 0x21, 0x32, 0x16, 0x12, 0x01, 0x93, 0x6d, 0x7b, 0x7a, 0x6b,
  0x6c, 0x7b, 0x7a, 0x6c, 0x03, 0x05, 0xfe, 0xe0, 0xfe, 0xff, 0xa1, 0xf6, 0x84, 0x01, 0x1e, 0x01,
  0x03, 0xa1, 0xf6, 0x84, 0x02, 0x31, 0xa6, 0xaa, 0xa9, 0xa7, 0xa6, 0xa6, 0xa5, 0xa7, 0xfe, 0xef,
  0xfe, 0xcc, 0x8d, 0x01, 0x08, 0xb0, 0x01, 0x12, 0x01, 0x30, 0x8c, 0xfe, 0xfa, 0x00, 0x00, 0x02,
  0x00, 0xa0, 0xfe, 0x14, 0x04, 0xb4, 0x04, 0x73, 0x00, 0x13, 0x00, 0x1f, 0x00, 0x3c, 0x40, 0x1e,
  0x0a, 0x03, 0x03, 0x07, 0x10, 0x1d, 0x07, 0x1d, 0x20, 0x21, 0x03, 0x0a, 0x00, 0x0d, 0x08, 0x0f,
  0x07, 0x1b, 0x0d, 0x14, 0x5d, 0x59, 0x0d, 0x10, 0x00, 0x1b, 0x5d, 0x59, 0x00, 0x16, 0x00, 0x3f,
  0x2b, 0x00, 0x18, 0x3f, 0x2b, 0x00, 0x18, 0x3f, 0x3f, 0x11, 0x12, 0x39, 0x39, 0x11, 0x12, 0x01,
  0x39, 0x39, 0x11, 0x33, 0x11, 0x33, 0x11, 0x33, 0x31, 0x30, 0x05, 0x22, 0x27, 0x23, 0x16, 0x15,
  0x11, 0x21, 0x11, 0x33, 0x17, 0x33, 0x36, 0x33, 0x32, 0x12, 0x11, 0x14, 0x02, 0x06, 0x03, 0x22,
  0x06, 0x07, 0x15, 0x14, 0x16, 0x33, 0x32, 0x11, 0x34, 0x26, 0x03, 0x06, 0xc5, 0x70, 0x10, 0x10,
  0xfe, 0xcf, 0xf8, 0x2b, 0x0e, 0x6b, 0xd2, 0xc6, 0xe0, 0x69, 0xc2, 0xdd, 0x71, 0x68, 0x02, 0x6b,
  0x74, 0xcd, 0x65, 0x14, 0x8f, 0x8c, 0x16, 0xfe, 0x3b, 0x06, 0x4a, 0x91, 0xa6, 0xfe, 0xce, 0xfe,
  0xf0, 0xb3, 0xfe, 0xf8, 0x8a, 0x03, 0x93, 0x8b, 0xa0, 0x21, 0xb4, 0x9c, 0x01, 0x52, 0xa5, 0xa5,
  0x00, 0x02, 0x00, 0x5c, 0xfe, 0x14, 0x04, 0x71, 0x04, 0x73, 0x00, 0x0b, 0x00, 0x20, 0x00, 0x44,
  0x40, 0x23, 0x09, 0x0f, 0x19, 0x16, 0x03, 0x1d, 0x1d, 0x1a, 0x0f, 0x03, 0x21, 0x22, 0x16, 0x16,
  0x17, 0x1d, 0x1e, 0x1e, 0x0c, 0x17, 0x0f, 0x1a, 0x1b, 0x12, 0x07, 0x5d, 0x59, 0x12, 0x10, 0x0c,
  0x00, 0x5e, 0x59, 0x0c, 0x16, 0x00, 0x3f, 0x2b, 0x00, 0x18, 0x3f, 0x2b, 0x00, 0x18, 0x3f, 0x3f,
  0x12, 0x39, 0x2f, 0x33, 0x11, 0x39, 0x2f, 0x11, 0x12, 0x01, 0x17, 0x39, 0x11, 0x33, 0x33, 0x33,
  0x11, 0x33, 0x31, 0x30, 0x25, 0x32, 0x36, 0x37, 0x35, 0x34, 0x26, 0x23, 0x22, 0x11, 0x14, 0x16,
  0x17, 0x22, 0x02, 0x11, 0x10, 0x12, 0x33, 0x32, 0x16, 0x17, 0x33, 0x37, 0x21, 0x11, 0x21, 0x11,
  0x34, 0x37, 0x23, 0x06, 0x06, 0x02, 0x6f, 0x74, 0x6c, 0x05, 0x6f, 0x7b, 0xd7, 0x6b, 0x04, 0xc6,
  0xe0, 0xe5, 0xc7, 0x6a, 0x9e, 0x3c, 0x08, 0x1b, 0x01, 0x02, 0xfe, 0xce, 0x0d, 0x0d, 0x31, 0xa2,
  0xdb, 0x85, 0xa6, 0x25, 0xb4, 0x9c, 0xfe, 0xae, 0xa8, 0xa6, 0xef, 0x01, 0x31, 0x01, 0x10, 0x01,
  0x12, 0x01, 0x34, 0x50, 0x54, 0x8f, 0xf9, 0xb6, 0x01, 0xd5, 0x3d, 0x6b, 0x51, 0x54, 0x00, 0x01,
  0x00, 0xa0, 0x00, 0x00, 0x03, 0x77, 0x04, 0x73, 0x00, 0x10, 0x00, 0x27, 0x40, 0x13, 0x0d, 0x0a,
  0x0a, 0x02, 0x11, 0x12, 0x0e, 0x0a, 0x00, 0x00, 0x05, 0x64, 0x59, 0x00, 0x10, 0x0b, 0x0f, 0x0a,
  0x15, 0x00, 0x3f, 0x3f, 0x3f, 0x2b, 0x11, 0x12, 0x00, 0x39, 0x11, 0x12, 0x01, 0x39, 0x39, 0x11,
  0x33, 0x31, 0x30, 0x01, 0x32, 0x17, 0x03, 0x26, 0x23, 0x22, 0x06, 0x15, 0x11, 0x21, 0x11, 0x33,
  0x17, 0x33, 0x36, 0x36, 0x03, 0x10, 0x3e, 0x29, 0x17, 0x25, 0x35, 0x92, 0xa3, 0xfe, 0xcf, 0xe7,
  0x2d, 0x0f, 0x34, 0xb1, 0x04, 0x73, 0x09, 0xfe, 0xe2, 0x0a, 0x96, 0x87, 0xfd, 0xc7, 0x04, 0x5e,
  0xbc, 0x5e, 0x73, 0x00, 0x00, 0x01, 0x00, 0x5c, 0xff, 0xec, 0x03, 0xac, 0x04, 0x73, 0x00, 0x25,
  0x00, 0x3a, 0x40, 0x1e, 0x19, 0x00, 0x06, 0x1f, 0x14, 0x00, 0x0c, 0x14, 0x0c, 0x26, 0x27, 0x14,
  0x1f, 0x00, 0x0c, 0x04, 0x03, 0x17, 0x17, 0x1d, 0x5f, 0x59, 0x17, 0x10, 0x03, 0x0a, 0x5f, 0x59,
  0x03, 0x16, 0x00, 0x3f, 0x2b, 0x00, 0x18, 0x3f, 0x2b, 0x11, 0x12, 0x00, 0x17, 0x39, 0x11, 0x12,
  0x01, 0x39, 0x39, 0x11, 0x33, 0x11, 0x33, 0x33, 0x11, 0x33, 0x31, 0x30, 0x01, 0x14, 0x06, 0x23,
  0x22, 0x26, 0x27, 0x35, 0x16, 0x16, 0x33, 0x32, 0x35, 0x34, 0x26, 0x26, 0x27, 0x2e, 0x02, 0x35,
  0x34, 0x36, 0x33, 0x32, 0x17, 0x07, 0x26, 0x26, 0x23, 0x22, 0x15, 0x14, 0x16, 0x17, 0x1e, 0x02,
  0x03, 0xac, 0xef, 0xee, 0x7a, 0xac, 0x4b, 0x55, 0xd5, 0x51, 0xa6, 0x2c, 0x6c, 0x5a, 0x81, 0x79,
  0x37, 0xe7, 0xd4, 0xca, 0xbf, 0x5c, 0x54, 0x92, 0x4c, 0x87, 0x57, 0x93, 0x83, 0x7a, 0x3a, 0x01,
  0x4c, 0xac, 0xb4, 0x21, 0x20, 0xfc, 0x28, 0x36, 0x60, 0x24, 0x2d, 0x39, 0x26, 0x36, 0x5c, 0x77,
  0x57, 0x95, 0xa3, 0x58, 0xdc, 0x24, 0x2e, 0x49, 0x29, 0x3c, 0x3b, 0x35, 0x5c, 0x78, 0x00, 0x01,
  0x00, 0x2f, 0xff, 0xec, 0x03, 0x37, 0x05, 0x4c, 0x00, 0x15, 0x00, 0x3e, 0x40, 0x1e, 0x0a, 0x08,
  0x0f, 0x13, 0x13, 0x08, 0x11, 0x03, 0x08, 0x03, 0x16, 0x17, 0x09, 0x12, 0x0c, 0x0e, 0x0f, 0x40,
  0x0f, 0x12, 0x60, 0x59, 0x0f, 0x0f, 0x05, 0x00, 0x5d, 0x59, 0x05, 0x16, 0x00, 0x3f, 0x2b, 0x00,
  0x18, 0x3f, 0x2b, 0x00, 0x1a, 0x18, 0x10, 0xcd, 0x33, 0x11, 0x33, 0x11, 0x12, 0x01, 0x39, 0x39,
  0x11, 0x33, 0x11, 0x33, 0x11, 0x33, 0x11, 0x33, 0x31, 0x30, 0x25, 0x32, 0x37, 0x15, 0x06, 0x23,
  0x22, 0x26, 0x35, 0x11, 0x23, 0x35, 0x37, 0x37, 0x33, 0x15, 0x21, 0x15, 0x21, 0x11, 0x14, 0x16,
  0x02, 0x77, 0x50, 0x70, 0x72, 0xa6, 0xb7, 0xa7, 0x92, 0xa8, 0x58, 0xc3, 0x01, 0x39, 0xfe, 0xc7,
  0x49, 0xdf, 0x23, 0xe3, 0x33, 0xb9, 0xb9, 0x02, 0x1b, 0x81, 0x66, 0xec, 0xee, 0xe5, 0xfd, 0xe5,
  0x41, 0x3e, 0x00, 0x01, 0x00, 0x9a, 0xff, 0xec, 0x04, 0xa2, 0x04, 0x5e, 0x00, 0x14, 0x00, 0x2e,
  0x40, 0x17, 0x0b, 0x08, 0x14, 0x01, 0x01, 0x11, 0x08, 0x03, 0x15, 0x16, 0x02, 0x05, 0x12, 0x09,
  0x0f, 0x00, 0x15, 0x05, 0x0e, 0x5d, 0x59, 0x05, 0x16, 0x00, 0x3f, 0x2b, 0x00, 0x18, 0x3f, 0x3f,
  0x33, 0x12, 0x39, 0x11, 0x12, 0x01, 0x17, 0x39, 0x11, 0x33, 0x11, 0x33, 0x31, 0x30, 0x21, 0x27,
  0x23, 0x06, 0x06, 0x23, 0x22, 0x26, 0x35, 0x11, 0x21, 0x11, 0x14, 0x16, 0x33, 0x32, 0x36, 0x35,
  0x11, 0x21, 0x11, 0x03, 0xb8, 0x29, 0x10, 0x31, 0xb4, 0x73, 0xc5, 0xc8, 0x01, 0x31, 0x56, 0x5e,
  0x80, 0x72, 0x01, 0x31, 0x8f, 0x4e, 0x55, 0xd3, 0xc6, 0x02, 0xd9, 0xfd, 0x73, 0x79, 0x79, 0xab,
  0xc6, 0x02, 0x0e, 0xfb, 0xa2, 0x00, 0x00, 0x01, 0x00, 0x00, 0x00, 0x00, 0x04, 0x8d, 0x04, 0x5e,
  0x00, 0x0b, 0x00, 0x18, 0x40, 0x0a, 0x0a, 0x0d, 0x01, 0x0c, 0x05, 0x09, 0x01, 0x0f, 0x00, 0x15,
  0x00, 0x3f, 0x3f, 0x33, 0x39, 0x11, 0x01, 0x33, 0x11, 0x33, 0x31, 0x30, 0x21, 0x01, 0x21, 0x13,
  0x16, 0x17, 0x33, 0x36, 0x37, 0x13, 0x21, 0x01, 0x01, 0xaa, 0xfe, 0x56, 0x01, 0x3f, 0xd8, 0x21,
  0x0a, 0x08, 0x06, 0x27, 0xd7, 0x01, 0x3f, 0xfe, 0x56, 0x04, 0x5e, 0xfd, 0x83, 0x68, 0x7d, 0x71,
  0x74, 0x02, 0x7d, 0xfb, 0xa2, 0x00, 0x00, 0x01, 0x00, 0x14, 0x00, 0x00, 0x06, 0xc5, 0x04, 0x5e,
  0x00, 0x1b, 0x00, 0x22, 0x40, 0x10, 0x06, 0x1a, 0x1c, 0x1d, 0x02, 0x0a, 0x14, 0x03, 0x05, 0x19,
  0x06, 0x0f, 0x0f, 0x00, 0x05, 0x15, 0x00, 0x3f, 0x33, 0x3f, 0x33, 0x33, 0x12, 0x17, 0x39, 0x11,
  0x12, 0x01, 0x39, 0x39, 0x31, 0x30, 0x21, 0x03, 0x03, 0x23, 0x03, 0x21, 0x01, 0x21, 0x13, 0x16,
  0x13, 0x33, 0x36, 0x37, 0x37, 0x13, 0x21, 0x13, 0x16, 0x16, 0x17, 0x33, 0x36, 0x36, 0x37, 0x13,
  0x21, 0x01, 0x04, 0x37, 0x56, 0x72, 0x09, 0xcc, 0xfe, 0xb8, 0xfe, 0xc2, 0x01, 0x30, 0x81, 0x16,
  0x27, 0x08, 0x04, 0x1f, 0x10, 0x8a, 0x01, 0x50, 0x83, 0x0c, 0x23, 0x02, 0x08, 0x0b, 0x28, 0x0e,
  0x86, 0x01, 0x2b, 0xfe, 0xbe, 0x01, 0x87, 0x01, 0xee, 0xfc, 0x8b, 0x04, 0x5e, 0xfe, 0x11, 0x58,
  0xfe, 0xe9, 0x4c, 0xa5, 0x55, 0x02, 0x18, 0xfd, 0xe8, 0x37, 0xd5, 0x3a, 0x59, 0xe3, 0x33, 0x01,
  0xef, 0xfb, 0xa2, 0x00, 0x00, 0x01, 0x00, 0x0a, 0x00, 0x00, 0x04, 0x96, 0x04, 0x5e, 0x00, 0x0b,
  0x00, 0x2f, 0x40, 0x17, 0x01, 0x0b, 0x06, 0x03, 0x09, 0x05, 0x07, 0x07, 0x09, 0x00, 0x0b, 0x04,
  0x0c, 0x0d, 0x09, 0x03, 0x0b, 0x04, 0x01, 0x0f, 0x08, 0x0b, 0x15, 0x00, 0x3f, 0x33, 0x3f, 0x33,
  0x12, 0x39, 0x39, 0x11, 0x12, 0x01, 0x17, 0x39, 0x11, 0x33, 0x11, 0x33, 0x33, 0x11, 0x33, 0x31,
  0x30, 0x01, 0x01, 0x21, 0x13, 0x13, 0x21, 0x01, 0x01, 0x21, 0x03, 0x03, 0x21, 0x01, 0x85, 0xfe,
  0x98, 0x01, 0x5a, 0xd9, 0xdb, 0x01, 0x5a, 0xfe, 0x94, 0x01, 0x7d, 0xfe, 0xa5, 0xeb, 0xec, 0xfe,
  0xa6, 0x02, 0x3b, 0x02, 0x23, 0xfe, 0x9c, 0x01, 0x64, 0xfd, 0xdd, 0xfd, 0xc5, 0x01, 0x7f, 0xfe,
  0x81, 0x00, 0x00, 0x01, 0x00, 0x00, 0xfe, 0x14, 0x04, 0x8d, 0x04, 0x5e, 0x00, 0x16, 0x00, 0x29,
  0x40, 0x13, 0x09, 0x00, 0x0f, 0x16, 0x17, 0x18, 0x04, 0x16, 0x16, 0x0d, 0x08, 0x00, 0x0f, 0x0d,
  0x12, 0x5d, 0x59, 0x0d, 0x1b, 0x00, 0x3f, 0x2b, 0x00, 0x18, 0x3f, 0x33, 0x12, 0x39, 0x11, 0x33,
  0x11, 0x12, 0x01, 0x39, 0x39, 0x32, 0x33, 0x31, 0x30, 0x11, 0x21, 0x13, 0x16, 0x17, 0x33, 0x36,
  0x37, 0x13, 0x21, 0x01, 0x06, 0x06, 0x23, 0x22, 0x27, 0x35, 0x16, 0x33, 0x32, 0x36, 0x37, 0x37,
  0x01, 0x4e, 0xd3, 0x1b, 0x0a, 0x06, 0x0b, 0x20, 0xcf, 0x01, 0x47, 0xfe, 0x27, 0x41, 0xf1, 0xa1,
  0x4f, 0x4c, 0x37, 0x41, 0x51, 0x79, 0x22, 0x12, 0x04, 0x5e, 0xfd, 0x8b, 0x52, 0x70, 0x67, 0x5b,
  0x02, 0x75, 0xfb, 0x13, 0xaf, 0xae, 0x11, 0xf2, 0x0d, 0x63, 0x64, 0x37, 0x00, 0x01, 0x00, 0x37,
  0x00, 0x00, 0x03, 0xaa, 0x04, 0x5e, 0x00, 0x09, 0x00, 0x35, 0x40, 0x1c, 0x07, 0x00, 0x00, 0x03,
  0x08, 0x04, 0x01, 0x05, 0x0a, 0x0b, 0x07, 0x04, 0x05, 0x05, 0x04, 0x5e, 0x59, 0x05, 0x0f, 0x02,
  0x08, 0x01, 0x01, 0x08, 0x5e, 0x59, 0x01, 0x15, 0x00, 0x3f, 0x2b, 0x11, 0x12, 0x00, 0x39, 0x18,
  0x3f, 0x2b, 0x11, 0x12, 0x00, 0x39, 0x11, 0x12, 0x01, 0x17, 0x39, 0x11, 0x33, 0x31, 0x30, 0x21,
  0x21, 0x35, 0x01, 0x21, 0x35, 0x21, 0x15, 0x01, 0x21, 0x03, 0xaa, 0xfc, 0x8d, 0x02, 0x06, 0xfe,
  0x19, 0x03, 0x42, 0xfe, 0x08, 0x02, 0x0a, 0xb4, 0x02, 0xc1, 0xe9, 0xc6, 0xfd, 0x51, 0x00, 0x01,
  0x00, 0x52, 0x00, 0x00, 0x04, 0x6a, 0x05, 0xcb, 0x00, 0x1d, 0x00, 0x50, 0x40, 0x2a, 0x18, 0x0f,
  0x12, 0x09, 0x0d, 0x0d, 0x1a, 0x16, 0x11, 0x02, 0x0b, 0x16, 0x12, 0x05, 0x1e, 0x1f, 0x13, 0x12,
  0x0f, 0x0c, 0x18, 0x19, 0x18, 0x78, 0x59, 0x09, 0x19, 0x19, 0x12, 0x00, 0x00, 0x05, 0x73, 0x59,
  0x00, 0x07, 0x12, 0x0f, 0x76, 0x59, 0x12, 0x18, 0x00, 0x3f, 0x2b, 0x00, 0x18, 0x3f, 0x2b, 0x11,
  0x12, 0x00, 0x39, 0x18, 0x2f, 0x33, 0x2b, 0x11, 0x00, 0x33, 0x11, 0x12, 0x39, 0x11, 0x12, 0x01,
  0x17, 0x39, 0x11, 0x33, 0x33, 0x11, 0x33, 0x11, 0x33, 0x33, 0x31, 0x30, 0x01, 0x32, 0x17, 0x07,
  0x26, 0x23, 0x22, 0x06, 0x15, 0x15, 0x21, 0x15, 0x21, 0x15, 0x14, 0x07, 0x21, 0x11, 0x21, 0x35,
  0x36, 0x36, 0x35, 0x35, 0x23, 0x35, 0x33, 0x35, 0x34, 0x36, 0x02, 0xbc, 0xc3, 0xc3, 0x5d, 0x9d,
  0x73, 0x4e, 0x54, 0x01, 0x77, 0xfe, 0x89, 0x97, 0x02, 0xce, 0xfb, 0xe8, 0x67, 0x4d, 0xb2, 0xb2,
  0xe5, 0x05, 0xcb, 0x52, 0xe6, 0x40, 0x59, 0x53, 0xc1, 0xdb, 0x8f, 0xaa, 0x4e, 0xfe, 0xfc, 0xf8,
  0x2c, 0x72, 0x64, 0x91, 0xdb, 0xc3, 0xc9, 0xd9, 0x00, 0x01, 0x00, 0x06, 0x00, 0x00, 0x04, 0x89,
  0x05, 0xb6, 0x00, 0x16, 0x00, 0x6e, 0x40, 0x3f, 0x05, 0x09, 0x09, 0x03, 0x12, 0x0e, 0x0e, 0x14,
  0x07, 0x0b, 0x0b, 0x0c, 0x03, 0x00, 0x02, 0x00, 0x0c, 0x10, 0x14, 0x15, 0x06, 0x17, 0x18, 0x0a,
  0x0e, 0x0f, 0x0e, 0x79, 0x59, 0x07, 0x00, 0x0f, 0x70, 0x0f, 0x02, 0x09, 0x03, 0x0f, 0x06, 0x12,
  0x13, 0x12, 0x79, 0x59, 0x03, 0x00, 0x0f, 0x03, 0x0f, 0x13, 0x1f, 0x13, 0x4f, 0x13, 0x03, 0x13,
  0x13, 0x0c, 0x01, 0x15, 0x06, 0x0c, 0x18, 0x00, 0x3f, 0x3f, 0x33, 0x12, 0x39, 0x2f, 0x5d, 0x17,
  0x33, 0x2b, 0x11, 0x00, 0x33, 0x18, 0x2f, 0x5f, 0x5e, 0x5d, 0x33, 0x2b, 0x11, 0x00, 0x33, 0x11,
  0x12, 0x01, 0x17, 0x39, 0x11, 0x33, 0x11, 0x33, 0x11, 0x33, 0x11, 0x33, 0x11, 0x33, 0x11, 0x33,
  0x11, 0x33, 0x31, 0x30, 0x01, 0x01, 0x21, 0x01, 0x33, 0x15, 0x23, 0x15, 0x33, 0x15, 0x23, 0x15,
  0x21, 0x35, 0x23, 0x35, 0x33, 0x35, 0x23, 0x35, 0x33, 0x01, 0x21, 0x02, 0x48, 0x01, 0x08, 0x01,
  0x39, 0xfe, 0x81, 0xc3, 0xf6, 0xf6, 0xf6, 0xfe, 0xe1, 0xf7, 0xf7, 0xf7, 0xbe, 0xfe, 0x87, 0x01,
  0x3c, 0x03, 0x5c, 0x02, 0x5a, 0xfd, 0x15, 0xb2, 0x8a, 0xb2, 0xdd, 0xdd, 0xb2, 0x8a, 0xb2, 0x02,
  0xeb, 0x00, 0x00, 0x01, 0x01, 0x4c, 0x04, 0xd9, 0x03, 0x8d, 0x06, 0x21, 0x00, 0x08, 0x00, 0x1a,
  0x40, 0x0c, 0x00, 0x05, 0x09, 0x0a, 0x03, 0x80, 0x0f, 0x00, 0x5f, 0x00, 0x02, 0x00, 0x00, 0x2f,
  0x5d, 0x1a, 0xcc, 0x11, 0x12, 0x01, 0x39, 0x39, 0x31, 0x30, 0x01, 0x35, 0x36, 0x37, 0x21, 0x15,
  0x06, 0x06, 0x07, 0x01, 0x4c, 0xac, 0x3f, 0x01, 0x56, 0x34, 0xfb, 0x47, 0x04, 0xd9, 0x1b, 0xc8,
  0x65, 0x15, 0x34, 0xcd, 0x32, 0x00, 0xff, 0xff, 0x00, 0x56, 0xff, 0xec, 0x04, 0x3b, 0x06, 0x21,
  0x02, 0x26, 0x00, 0x1f, 0x00, 0x00, 0x01, 0x06, 0x00, 0x3b, 0x6d, 0x00, 0x00, 0x0b, 0xb6, 0x02,
  0x5d, 0x23, 0x27, 0x12, 0x17, 0x25, 0x01, 0x2b, 0x35, 0x00, 0xff, 0xff, 0x00, 0x91, 0x00, 0x00,
  0x02, 0xd2, 0x06, 0x21, 0x02, 0x26, 0x00, 0x40, 0x00, 0x00, 0x01, 0x07, 0x00, 0x3b, 0xff, 0x45,
  0x00, 0x00, 0x00, 0x0b, 0xb6, 0x01, 0x79, 0x05, 0x09, 0x02, 0x03, 0x25, 0x01, 0x2b, 0x35, 0x00,
  0xff, 0xff, 0x00, 0x5c, 0xff, 0xec, 0x04, 0x98, 0x06, 0x21, 0x02, 0x26, 0x00, 0x2d, 0x00, 0x00,
  0x01, 0x07, 0x00, 0x3b, 0x00, 0x87, 0x00, 0x00, 0x00, 0x0b, 0xb6, 0x02, 0x79, 0x1b, 0x1f, 0x13,
  0x0c, 0x25, 0x01, 0x2b, 0x35, 0x00, 0xff, 0xff, 0x00, 0x9a, 0xff, 0xec, 0x04, 0xa2, 0x06, 0x21,
  0x02, 0x26, 0x00, 0x33, 0x00, 0x00, 0x01, 0x07, 0x00, 0x3b, 0x00, 0xa6, 0x00, 0x00, 0x00, 0x0b,
  0xb6, 0x01, 0x74, 0x16, 0x1a, 0x09, 0x14, 0x25, 0x01, 0x2b, 0x35, 0x00, 0x00, 0x01, 0x00, 0xa0,
  0x00, 0x00, 0x01, 0xd1, 0x04, 0x5e, 0x00, 0x03, 0x00, 0x16, 0x40, 0x09, 0x00, 0x01, 0x01, 0x04,
  0x05, 0x02, 0x0f, 0x01, 0x15, 0x00, 0x3f, 0x3f, 0x11, 0x12, 0x01, 0x39, 0x11, 0x33, 0x31, 0x30,
  0x21, 0x21, 0x11, 0x21, 0x01, 0xd1, 0xfe, 0xcf, 0x01, 0x31, 0x04, 0x5e, 0x00, 0x01, 0x00, 0x42,
  0xff, 0xec, 0x04, 0x83, 0x05, 0xc1, 0x00, 0x27, 0x00, 0xbf, 0x40, 0x77, 0x06, 0x09, 0x09, 0x08,
  0x1d, 0x17, 0x17, 0x1b, 0x1c, 0x19, 0x08, 0x1f, 0x16, 0x24, 0x11, 0x05, 0x0b, 0x16, 0x19, 0x1b,
  0x07, 0x28, 0x29, 0x06, 0x1d, 0x19, 0x1d, 0x01, 0x03, 0x0f, 0x1d, 0x01, 0x10, 0x06, 0x1e, 0x1d,
  0x79, 0x59, 0x03, 0x0f, 0x1e, 0x1f, 0x1e, 0x02, 0x09, 0x1e, 0x18, 0x0c, 0x17, 0x19, 0x17, 0x01,
  0x03, 0x0f, 0x17, 0x01, 0x10, 0x06, 0x18, 0x17, 0x79, 0x59, 0x09, 0x1a, 0x18, 0x01, 0x49, 0x18,
  0x01, 0xe8, 0x18, 0x01, 0x4f, 0x18, 0x5f, 0x18, 0x8f, 0x18, 0xbf, 0x18, 0x04, 0x5f, 0x18, 0x6f,
  0x18, 0x8f, 0x18, 0x9f, 0x18, 0xbf, 0x18, 0x05, 0x03, 0x18, 0x18, 0x13, 0x22, 0x0f, 0x00, 0x01,
  0x0b, 0x06, 0x22, 0x00, 0x73, 0x59, 0x22, 0x06, 0x00, 0x0e, 0x01, 0x0b, 0x06, 0x13, 0x0e, 0x76,
  0x59, 0x13, 0x19, 0x00, 0x3f, 0x2b, 0x00, 0x5f, 0x5e, 0x5d, 0x18, 0x3f, 0x2b, 0x00, 0x5f, 0x5e,
  0x5d, 0x11, 0x12, 0x39, 0x18, 0x2f, 0x5f, 0x5d, 0x71, 0x5d, 0x5d, 0x71, 0x33, 0x2b, 0x00, 0x5f,
  0x5e, 0x5d, 0x5f, 0x5d, 0x11, 0x33, 0x18, 0x10, 0xc6, 0x5e, 0x5d, 0x32, 0x2b, 0x00, 0x5f, 0x5e,
  0x5d, 0x5f, 0x5d, 0x11, 0x33, 0x11, 0x12, 0x01, 0x17, 0x39, 0x11, 0x33, 0x33, 0x11, 0x33, 0x11,
  0x33, 0x11, 0x33, 0x11, 0x33, 0x11, 0x33, 0x31, 0x30, 0x01, 0x22, 0x06, 0x07, 0x21, 0x15, 0x21,
  0x07, 0x15, 0x17, 0x21, 0x15, 0x21, 0x16, 0x21, 0x32, 0x37, 0x11, 0x06, 0x23, 0x22, 0x00, 0x27,
  0x23, 0x35, 0x33, 0x26, 0x35, 0x37, 0x23, 0x35, 0x33, 0x36, 0x00, 0x33, 0x32, 0x17, 0x07, 0x26,
  0x26, 0x03, 0x23, 0x7a, 0x9e, 0x17, 0x01, 0x93, 0xfe, 0x5e, 0x02, 0x02, 0x01, 0x63, 0xfe, 0xae,
  0x33, 0x01, 0x0e, 0x8f, 0x84, 0x74, 0xb1, 0xf5, 0xfe, 0xc4, 0x29, 0x89, 0x76, 0x04, 0x02, 0x74,
  0x85, 0x25, 0x01, 0x44, 0xf3, 0xbc, 0xa4, 0x62, 0x45, 0x78, 0x04, 0xc9, 0x8d, 0x86, 0xb0, 0x23,
  0x2f, 0x21, 0xb2, 0xf3, 0x39, 0xff, 0x00, 0x3b, 0x01, 0x0a, 0xeb, 0xb2, 0x17, 0x27, 0x35, 0xb0,
  0xf2, 0x01, 0x19, 0x52, 0xe8, 0x1f, 0x23, 0x00, 0x00, 0x07, 0x00, 0x14, 0x00, 0x00, 0x05, 0xd1,
  0x05, 0xb6, 0x00, 0x1f, 0x00, 0x23, 0x00, 0x27, 0x00, 0x2b, 0x00, 0x2e, 0x00, 0x32, 0x00, 0x35,
  0x00, 0xbe, 0x40, 0x80, 0x0b, 0x12, 0x02, 0x1f, 0x1b, 0x27, 0x1d, 0x28, 0x26, 0x08, 0x2a, 0x23,
  0x29, 0x10, 0x22, 0x12, 0x13, 0x0e, 0x0f, 0x0f, 0x13, 0x09, 0x22, 0x21, 0x2c, 0x2e, 0x20, 0x16,
  0x29, 0x2a, 0x34, 0x35, 0x2b, 0x17, 0x05, 0x26, 0x25, 0x31, 0x2f, 0x24, 0x04, 0x1a, 0x1d, 0x1e,
  0x01, 0x1b, 0x1b, 0x36, 0x37, 0x17, 0x2d, 0x32, 0x13, 0x04, 0x1b, 0x1c, 0x1b, 0x70, 0x59, 0x20,
  0x24, 0x28, 0x10, 0x04, 0x9f, 0x1c, 0x01, 0x00, 0x1c, 0x10, 0x1c, 0xa0, 0x1c, 0xb0, 0x1c, 0x04,
  0x09, 0x03, 0x1c, 0x00, 0x23, 0x27, 0x2b, 0x0f, 0x04, 0x1f, 0x00, 0x1f, 0x70, 0x59, 0x04, 0x08,
  0x0c, 0x33, 0x04, 0x90, 0x00, 0x01, 0x1f, 0x00, 0x2f, 0x00, 0x02, 0x2f, 0x00, 0xaf, 0x00, 0xbf,
  0x00, 0xdf, 0x00, 0xff, 0x00, 0x05, 0x00, 0x2f, 0x2e, 0x35, 0x00, 0x04, 0x19, 0x0a, 0x06, 0x02,
  0x03, 0x15, 0x19, 0x12, 0x00, 0x3f, 0x33, 0x3f, 0x33, 0x33, 0x12, 0x17, 0x39, 0x2f, 0x5d, 0x71,
  0x5d, 0x17, 0x33, 0x2b, 0x11, 0x00, 0x17, 0x33, 0x18, 0x10, 0xc6, 0x5f, 0x5e, 0x5d, 0x5d, 0x17,
  0x32, 0x2b, 0x11, 0x00, 0x17, 0x33, 0x11, 0x12, 0x01, 0x17, 0x39, 0x11, 0x33, 0x11, 0x33, 0x11,
  0x33, 0x11, 0x33, 0x11, 0x33, 0x11, 0x33, 0x11, 0x33, 0x11, 0x33, 0x33, 0x11, 0x33, 0x31, 0x30,
  0x13, 0x33, 0x03, 0x33, 0x13, 0x33, 0x13, 0x21, 0x13, 0x33, 0x13, 0x33, 0x03, 0x33, 0x15, 0x23,
  0x07, 0x33, 0x15, 0x23, 0x03, 0x21, 0x03, 0x23, 0x03, 0x21, 0x03, 0x23, 0x35, 0x33, 0x27, 0x23,
  0x05, 0x33, 0x37, 0x23, 0x05, 0x33, 0x37, 0x23, 0x05, 0x33, 0x27, 0x23, 0x01, 0x23, 0x17, 0x21,
  0x36, 0x37, 0x23, 0x01, 0x33, 0x27, 0x14, 0x67, 0x54, 0xe7, 0x4e, 0xbd, 0x58, 0x01, 0x04, 0x56,
  0xbe, 0x4c, 0xe7, 0x54, 0x69, 0x81, 0x19, 0x9a, 0xb2, 0x54, 0xfe, 0xe1, 0x5c, 0xbd, 0x5a, 0xfe,
  0xe0, 0x54, 0xb1, 0x98, 0x19, 0x7f, 0x03, 0xec, 0x5e, 0x15, 0x8e, 0xfd, 0xa4, 0x5c, 0x19, 0x8b,
  0x01, 0x3d, 0x83, 0x1a, 0x4e, 0x01, 0x7d, 0x31, 0x1a, 0xfd, 0x83, 0x05, 0x14, 0x2f, 0x01, 0x3f,
  0x29, 0x14, 0x03, 0xbc, 0x01, 0xfa, 0xfe, 0x06, 0x01, 0xfa, 0xfe, 0x06, 0x01, 0xfa, 0xfe, 0x06,
  0x97, 0x94, 0x97, 0xfe, 0x06, 0x01, 0xfa, 0xfe, 0x06, 0x01, 0xfa, 0x97, 0x94, 0x94, 0x94, 0x94,
  0x94, 0x94, 0x94, 0xfe, 0xd5, 0xcd, 0x49, 0x84, 0x01, 0xc2, 0xbd, 0x00, 0x00, 0x01, 0x00, 0x0a,
  0xff, 0xec, 0x04, 0x62, 0x05, 0xb6, 0x00, 0x1b, 0x00, 0x75, 0x40, 0x4b, 0x05, 0x06, 0x0f, 0x13,
  0x16, 0x19, 0x02, 0x05, 0x0b, 0x0d, 0x11, 0x0b, 0x00, 0x17, 0x06, 0x06, 0x1d, 0x1c, 0x00, 0x01,
  0x1a, 0x0c, 0x0f, 0x0e, 0x06, 0x0d, 0x1b, 0x18, 0x16, 0x19, 0x10, 0x13, 0x12, 0x06, 0x11, 0x17,
  0x00, 0x1b, 0x40, 0x1b, 0x02, 0x0b, 0x00, 0x0d, 0x10, 0x0d, 0x40, 0x0d, 0x50, 0x0d, 0x04, 0x0c,
  0x03, 0x06, 0x0d, 0x11, 0x1b, 0x17, 0x17, 0x1b, 0x11, 0x0d, 0x06, 0x05, 0x09, 0x14, 0x06, 0x09,
  0x02, 0x73, 0x59, 0x09, 0x19, 0x0b, 0x18, 0x00, 0x3f, 0x3f, 0x2b, 0x00, 0x18, 0x3f, 0x12, 0x17,
  0x39, 0x2f, 0x2f, 0x2f, 0x2f, 0x2f, 0x5f, 0x5e, 0x5d, 0x5e, 0x5d, 0x11, 0x12, 0x17, 0x39, 0x11,
  0x12, 0x17, 0x39, 0x11, 0x12, 0x01, 0x17, 0x39, 0x11, 0x17, 0x33, 0x11, 0x33, 0x31, 0x30, 0x01,
  0x05, 0x11, 0x36, 0x36, 0x35, 0x21, 0x10, 0x00, 0x21, 0x22, 0x27, 0x11, 0x07, 0x35, 0x37, 0x35,
  0x07, 0x35, 0x37, 0x11, 0x21, 0x15, 0x25, 0x15, 0x05, 0x15, 0x25, 0x03, 0x3b, 0xfe, 0xc1, 0xac,
  0xa2, 0x01, 0x18, 0xfe, 0x8e, 0xfe, 0x9b, 0x6e, 0x4c, 0xc7, 0xc7, 0xc7, 0xc7, 0x01, 0x2b, 0x01,
  0x3f, 0xfe, 0xc1, 0x01, 0x3f, 0x03, 0x4a, 0x6f, 0xfe, 0x0a, 0x1c, 0xe7, 0xe5, 0xfe, 0xa4, 0xfe,
  0x7b, 0x14, 0x02, 0x73, 0x44, 0xb2, 0x44, 0x7f, 0x44, 0xb2, 0x44, 0x01, 0x60, 0xfa, 0x6f, 0xb2,
  0x6f, 0x7f, 0x6f, 0x00, 0x00, 0x02, 0x01, 0x0f, 0xff, 0xe5, 0x02, 0x6d, 0x05, 0xb6, 0x00, 0x03,
  0x00, 0x17, 0x00, 0x00, 0x01, 0x23, 0x03, 0x21, 0x01, 0x34, 0x3e, 0x02, 0x33, 0x32, 0x1e, 0x02,
  0x15, 0x14, 0x0e, 0x02, 0x23, 0x22, 0x2e, 0x02, 0x02, 0x3a, 0xf4, 0x33, 0x01, 0x5a, 0xfe, 0xa2,
  0x1b, 0x30, 0x40, 0x25, 0x23, 0x3f, 0x30, 0x1c, 0x1c, 0x30, 0x3f, 0x23, 0x25, 0x40, 0x30, 0x1b,
  0x01, 0xe5, 0x03, 0xd1, 0xfa, 0xd9, 0x2f, 0x41, 0x28, 0x12, 0x12, 0x28, 0x41, 0x2f, 0x2d, 0x40,
  0x2a, 0x13, 0x13, 0x2a, 0x40, 0x00, 0x00, 0x04, 0x00, 0xdf, 0x03, 0xc6, 0x03, 0x9c, 0x07, 0x2c,
  0x00, 0x03, 0x00, 0x07, 0x00, 0x08, 0x00, 0x09, 0x00, 0x00, 0x01, 0x03, 0x23, 0x03, 0x21, 0x03,
  0x23, 0x03, 0x03, 0x13, 0x01, 0xf6, 0x29, 0xc5, 0x29, 0x02, 0xbd, 0x29, 0xc5, 0x29, 0xd2, 0x84,
  0x05, 0xd6, 0xfd, 0xf0, 0x02, 0x10, 0xfd, 0xf0, 0x02, 0x10, 0x01, 0x56, 0xfd, 0xce, 0x00, 0x02,
  0x00, 0x4f, 0x00, 0x00, 0x05, 0x05, 0x05, 0x0f, 0x00, 0x1b, 0x00, 0x1f, 0x00, 0x00, 0x01, 0x07,
  0x33, 0x15, 0x21, 0x03, 0x23, 0x13, 0x23, 0x03, 0x23, 0x13, 0x23, 0x35, 0x21, 0x37, 0x23, 0x35,
  0x21, 0x13, 0x33, 0x03, 0x33, 0x13, 0x33, 0x03, 0x33, 0x15, 0x05, 0x33, 0x37, 0x23, 0x03, 0xfb,
  0x2f, 0xf5, 0xfe, 0xe4, 0x3e, 0xdc, 0x3f, 0xc2, 0x3d, 0xd7, 0x3b, 0xe0, 0x01, 0x07, 0x2f, 0xee,
  0x01, 0x13, 0x3c, 0xdb, 0x3c, 0xc6, 0x3d, 0xd7, 0x3d, 0xe3, 0xfd, 0x2a, 0xc4, 0x2f, 0xc4, 0x02,
  0xff, 0xe8, 0xce, 0xfe, 0xb7, 0x01, 0x49, 0xfe, 0xb7, 0x01, 0x49, 0xce, 0xe8, 0xd1, 0x01, 0x3f,
  0xfe, 0xc1, 0x01, 0x3f, 0xfe, 0xc1, 0xd1, 0xe8, 0xe8, 0x00, 0x00, 0x05, 0x00, 0x52, 0xff, 0xee,
  0x06, 0xe0, 0x05, 0x0f, 0x00, 0x0a, 0x00, 0x1e, 0x00, 0x22, 0x00, 0x2d, 0x00, 0x41, 0x00, 0x00,
  0x01, 0x14, 0x16, 0x33, 0x32, 0x36, 0x35, 0x34, 0x23, 0x22, 0x06, 0x05, 0x14, 0x0e, 0x02, 0x23,
  0x22, 0x2e, 0x02, 0x35, 0x34, 0x3e, 0x02, 0x33, 0x32, 0x1e, 0x02, 0x01, 0x01, 0x23, 0x01, 0x13,
  0x14, 0x16, 0x33, 0x32, 0x36, 0x35, 0x34, 0x23, 0x22, 0x06, 0x05, 0x14, 0x0e, 0x02, 0x23, 0x22,
  0x2e, 0x02, 0x35, 0x34, 0x3e, 0x02, 0x33, 0x32, 0x1e, 0x02, 0x01, 0x44, 0x32, 0x37, 0x36, 0x34,
  0x6a, 0x37, 0x32, 0x01, 0xc5, 0x29, 0x56, 0x84, 0x5b, 0x55, 0x81, 0x57, 0x2c, 0x28, 0x55, 0x82,
  0x5a, 0x56, 0x83, 0x58, 0x2d, 0x02, 0x91, 0xfc, 0xdf, 0xe5, 0x03, 0x21, 0x66, 0x32, 0x37, 0x36,
  0x34, 0x6a, 0x37, 0x32, 0x01, 0xc5, 0x29, 0x56, 0x84, 0x5b, 0x55, 0x80, 0x57, 0x2c, 0x28, 0x54,
  0x82, 0x5a, 0x56, 0x83, 0x58, 0x2d, 0x03, 0x9c, 0x52, 0x51, 0x50, 0x53, 0xa2, 0x50, 0x50, 0x57,
  0x8b, 0x5f, 0x33, 0x33, 0x5f, 0x8b, 0x57, 0x57, 0x8a, 0x5e, 0x32, 0x32, 0x5e, 0x8a, 0x01, 0x05,
  0xfb, 0x06, 0x04, 0xfa, 0xfc, 0x65, 0x52, 0x51, 0x50, 0x53, 0xa2, 0x50, 0x50, 0x57, 0x8a, 0x5f,
  0x33, 0x33, 0x5f, 0x8a, 0x57, 0x57, 0x8a, 0x5e, 0x32, 0x32, 0x5e, 0x8a, 0x00, 0x03, 0x00, 0xdf,
  0x03, 0xc5, 0x02, 0x37, 0x07, 0x2c, 0x00, 0x03, 0x00, 0x04, 0x00, 0x05, 0x00, 0x00, 0x01, 0x03,
  0x23, 0x03, 0x13, 0x13, 0x01, 0xf6, 0x29, 0xc5, 0x29, 0xd4, 0x84, 0x05, 0xd5, 0xfd, 0xf0, 0x02,
  0x10, 0x01, 0x57, 0xfd, 0xce, 0x00, 0x00, 0x04, 0x00, 0x87, 0xfd, 0xdc, 0x02, 0xae, 0x07, 0x2c,
  0x00, 0x13, 0x00, 0x14, 0x00, 0x15, 0x00, 0x16, 0x00, 0x00, 0x13, 0x34, 0x12, 0x12, 0x36, 0x37,
  0x33, 0x06, 0x02, 0x11, 0x14, 0x12, 0x12, 0x16, 0x17, 0x23, 0x26, 0x26, 0x02, 0x02, 0x01, 0x03,
  0x13, 0x87, 0x24, 0x4a, 0x71, 0x4e, 0xfa, 0x8d, 0x90, 0x24, 0x48, 0x6a, 0x45, 0xf8, 0x4e, 0x71,
  0x4a, 0x24, 0x01, 0xa2, 0x05, 0x1f, 0x02, 0xa1, 0x8f, 0x01, 0x16, 0x01, 0x06, 0xf1, 0x6a, 0xdd,
  0xfd, 0xf0, 0xfe, 0xea, 0x88, 0xfe, 0xf2, 0xfe, 0xfe, 0xf3, 0x6b, 0x67, 0xeb, 0x01, 0x01, 0x01,
  0x13, 0x02, 0xe6, 0x02, 0x32, 0xf6, 0xb0, 0x00, 0x00, 0x04, 0x00, 0x69, 0xfd, 0xdc, 0x02, 0x90,
  0x07, 0x2c, 0x00, 0x13, 0x00, 0x14, 0x00, 0x15, 0x00, 0x16, 0x00, 0x00, 0x01, 0x14, 0x02, 0x02,
  0x06, 0x07, 0x23, 0x36, 0x12, 0x11, 0x34, 0x02, 0x02, 0x26, 0x27, 0x33, 0x16, 0x16, 0x12, 0x12,
  0x01, 0x03, 0x13, 0x02, 0x90, 0x24, 0x4a, 0x71, 0x4e, 0xfa, 0x8d, 0x90, 0x24, 0x48, 0x6a, 0x45,
  0xf8, 0x4e, 0x71, 0x4a, 0x24, 0xfe, 0x6d, 0x05, 0x1f, 0x02, 0xb4, 0x8f, 0xfe, 0xea, 0xfe, 0xfa,
  0xf1, 0x6a, 0xdd, 0x02, 0x10, 0x01, 0x16, 0x88, 0x01, 0x0e, 0x01, 0x02, 0xf3, 0x6b, 0x67, 0xeb,
  0xfe, 0xff, 0xfe, 0xed, 0x01, 0xb9, 0x02, 0x32, 0xf6, 0xb0, 0x00, 0x03, 0x00, 0x88, 0x02, 0x37,
  0x04, 0x66, 0x07, 0x2c, 0x00, 0x0e, 0x00, 0x0f, 0x00, 0x10, 0x00, 0x00, 0x01, 0x03, 0x25, 0x17,
  0x05, 0x13, 0x07, 0x03, 0x03, 0x27, 0x13, 0x25, 0x37, 0x05, 0x03, 0x03, 0x13, 0x02, 0xf9, 0x29,
  0x01, 0x75, 0x21, 0xfe, 0xac, 0xdf, 0xe3, 0x9c, 0x89, 0xec, 0xdd, 0xfe, 0xae, 0x27, 0x01, 0x6d,
  0x29, 0x90, 0x84, 0x05, 0xf5, 0xfe, 0x90, 0x68, 0xfc, 0x18, 0xfe, 0xd7, 0x79, 0x01, 0x39, 0xfe,
  0xc9, 0x77, 0x01, 0x29, 0x1a, 0xfa, 0x68, 0x01, 0x70, 0x01, 0x37, 0xfd, 0xce, 0x00, 0x00, 0x01,
  0x00, 0x6c, 0x00, 0xbc, 0x04, 0x24, 0x04, 0x74, 0x00, 0x0b, 0x00, 0x00, 0x01, 0x21, 0x35, 0x21,
  0x11, 0x33, 0x11, 0x21, 0x15, 0x21, 0x11, 0x23, 0x01, 0xdb, 0xfe, 0x91, 0x01, 0x6f, 0xdb, 0x01,
  0x6e, 0xfe, 0x92, 0xdb, 0x02, 0x28, 0xdb, 0x01, 0x71, 0xfe, 0x8f, 0xdb, 0xfe, 0x94, 0x00, 0x01,
  0x00, 0x3f, 0xff, 0x0c, 0x01, 0xcb, 0x01, 0x20, 0x00, 0x0c, 0x00, 0x00, 0x01, 0x17, 0x0e, 0x03,
  0x07, 0x23, 0x3e, 0x03, 0x37, 0x01, 0xbc, 0x0f, 0x0e, 0x27, 0x2f, 0x33, 0x19, 0xdc, 0x0f, 0x1d,
  0x1b, 0x16, 0x07, 0x01, 0x20, 0x18, 0x3a, 0x81, 0x83, 0x83, 0x3b, 0x41, 0x8c, 0x8a, 0x85, 0x38,
  0x00, 0x01, 0x00, 0x6a, 0x01, 0xe4, 0x02, 0x83, 0x02, 0xde, 0x00, 0x03, 0x00, 0x00, 0x13, 0x35,
  0x21, 0x15, 0x6a, 0x02, 0x19, 0x01, 0xe4, 0xfa, 0xfa, 0x00, 0x00, 0x01, 0x00, 0x75, 0xff, 0xe5,
  0x01, 0xd3, 0x01, 0x39, 0x00, 0x13, 0x00, 0x00, 0x37, 0x34, 0x3e, 0x02, 0x33, 0x32, 0x1e, 0x02,
  0x15, 0x14, 0x0e, 0x02, 0x23, 0x22, 0x2e, 0x02, 0x75, 0x1b, 0x30, 0x40, 0x25, 0x23, 0x3f, 0x30,
  0x1c, 0x1c, 0x30, 0x3f, 0x23, 0x25, 0x40, 0x30, 0x1b, 0x8f, 0x2f, 0x41, 0x28, 0x12, 0x12, 0x28,
  0x41, 0x2f, 0x2d, 0x40, 0x2a, 0x13, 0x13, 0x2a, 0x40, 0x00, 0x00, 0x04, 0x00, 0x48, 0xfd, 0xdc,
  0x03, 0x7e, 0x07, 0x2c, 0x00, 0x03, 0x00, 0x04, 0x00, 0x05, 0x00, 0x06, 0x00, 0x00, 0x01, 0x01,
  0x21, 0x01, 0x03, 0x03, 0x13, 0x03, 0x7e, 0xfd, 0xd0, 0xfe, 0xfa, 0x02, 0x30, 0xb3, 0x05, 0x1f,
  0x06, 0xa9, 0xf8, 0x04, 0x07, 0xfc, 0xfe, 0x51, 0x02, 0x32, 0xf6, 0xb0, 0x00, 0x02, 0x00, 0x3f,
  0xff, 0xec, 0x04, 0x29, 0x05, 0xcd, 0x00, 0x13, 0x00, 0x21, 0x00, 0x00, 0x01, 0x14, 0x02, 0x06,
  0x06, 0x23, 0x22, 0x26, 0x26, 0x02, 0x35, 0x34, 0x12, 0x36, 0x36, 0x33, 0x32, 0x16, 0x16, 0x12,
  0x05, 0x14, 0x16, 0x33, 0x32, 0x36, 0x35, 0x34, 0x26, 0x23, 0x22, 0x0e, 0x02, 0x04, 0x29, 0x37,
  0x79, 0xbf, 0x87, 0x7f, 0xbc, 0x7c, 0x3d, 0x37, 0x78, 0xbe, 0x87, 0x7e, 0xbc, 0x7e, 0x3e, 0xfd,
  0x4a, 0x56, 0x6a, 0x68, 0x5b, 0x5b, 0x68, 0x35, 0x49, 0x2e, 0x14, 0x02, 0xdb, 0xb1, 0xfe, 0xea,
  0xc2, 0x66, 0x66, 0xc2, 0x01, 0x16, 0xb1, 0xb1, 0x01, 0x18, 0xc2, 0x67, 0x66, 0xc2, 0xfe, 0xe8,
  0xb2, 0xfa, 0xfc, 0xfa, 0xfc, 0xfb, 0xfd, 0x40, 0x7e, 0xbd, 0x00, 0x01, 0x00, 0x5c, 0x00, 0x00,
  0x03, 0x31, 0x05, 0xb6, 0x00, 0x10, 0x00, 0x00, 0x21, 0x21, 0x11, 0x34, 0x3e, 0x02, 0x37, 0x0e,
  0x03, 0x07, 0x07, 0x27, 0x01, 0x33, 0x03, 0x31, 0xfe, 0xcb, 0x01, 0x03, 0x03, 0x01, 0x05, 0x18,
  0x1e, 0x20, 0x0f, 0xa8, 0x96, 0x01, 0xd7, 0xfe, 0x03, 0x4e, 0x1a, 0x49, 0x4f, 0x50, 0x21, 0x06,
  0x18, 0x1d, 0x1e, 0x0c, 0x87, 0xba, 0x01, 0x77, 0x00, 0x01, 0x00, 0x4e, 0x00, 0x00, 0x04, 0x27,
  0x05, 0xcb, 0x00, 0x21, 0x00, 0x00, 0x21, 0x21, 0x35, 0x01, 0x3e, 0x03, 0x35, 0x34, 0x26, 0x23,
  0x22, 0x06, 0x07, 0x27, 0x3e, 0x03, 0x33, 0x32, 0x1e, 0x02, 0x15, 0x14, 0x0e, 0x02, 0x07, 0x07,
  0x15, 0x21, 0x04, 0x27, 0xfc, 0x2b, 0x01, 0x58, 0x41, 0x6a, 0x4c, 0x2a, 0x59, 0x4b, 0x4f, 0x92,
  0x50, 0xa8, 0x2d, 0x62, 0x76, 0x8e, 0x58, 0x69, 0xa7, 0x76, 0x3f, 0x3c, 0x68, 0x89, 0x4e, 0xb0,
  0x02, 0x54, 0xd7, 0x01, 0x73, 0x46, 0x76, 0x70, 0x74, 0x43, 0x4a, 0x52, 0x4e, 0x48, 0xc7, 0x29,
  0x4b, 0x3a, 0x23, 0x3a, 0x6b, 0x98, 0x5f, 0x56, 0x9d, 0x97, 0x95, 0x4d, 0xb1, 0x0e, 0x00, 0x01,
  0x00, 0x39, 0xff, 0xec, 0x04, 0x19, 0x05, 0xcb, 0x00, 0x3b, 0x00, 0x00, 0x01, 0x14, 0x0e, 0x02,
  0x07, 0x15, 0x16, 0x16, 0x15, 0x14, 0x0e, 0x02, 0x23, 0x22, 0x26, 0x27, 0x11, 0x1e, 0x03, 0x33,
  0x32, 0x3e, 0x02, 0x35, 0x34, 0x2e, 0x02, 0x23, 0x23, 0x35, 0x33, 0x32, 0x3e, 0x02, 0x35, 0x34,
  0x26, 0x23, 0x22, 0x0e, 0x02, 0x07, 0x27, 0x3e, 0x03, 0x33, 0x32, 0x1e, 0x02, 0x03, 0xee, 0x31,
  0x55, 0x73, 0x43, 0xb1, 0xb6, 0x45, 0x8f, 0xd9, 0x93, 0x76, 0xd0, 0x5a, 0x2d, 0x64, 0x64, 0x61,
  0x2b, 0x56, 0x72, 0x44, 0x1d, 0x25, 0x53, 0x86, 0x62, 0x68, 0x66, 0x5c, 0x7a, 0x49, 0x1e, 0x61,
  0x69, 0x30, 0x53, 0x47, 0x3b, 0x18, 0x9c, 0x2a, 0x63, 0x74, 0x86, 0x4c, 0x6c, 0xb1, 0x7e, 0x45,
  0x04, 0x6f, 0x4c, 0x79, 0x5b, 0x3d, 0x10, 0x06, 0x16, 0xab, 0x91, 0x60, 0xa3, 0x78, 0x43, 0x27,
  0x28, 0x01, 0x07, 0x18, 0x24, 0x19, 0x0c, 0x20, 0x3a, 0x51, 0x30, 0x2d, 0x49, 0x33, 0x1c, 0xd9,
  0x21, 0x39, 0x4c, 0x2b, 0x4e, 0x58, 0x13, 0x1d, 0x23, 0x11, 0xce, 0x1f, 0x34, 0x27, 0x16, 0x2f,
  0x59, 0x81, 0x00, 0x02, 0x00, 0x04, 0x00, 0x00, 0x04, 0x3d, 0x05, 0xb6, 0x00, 0x0a, 0x00, 0x18,
  0x00, 0x00, 0x01, 0x23, 0x11, 0x21, 0x11, 0x21, 0x35, 0x01, 0x21, 0x11, 0x33, 0x21, 0x35, 0x34,
  0x3e, 0x04, 0x37, 0x23, 0x06, 0x06, 0x07, 0x03, 0x04, 0x3d, 0xb0, 0xfe, 0xd3, 0xfd, 0xa4, 0x02,
  0x6d, 0x01, 0x1c, 0xb0, 0xfe, 0x23, 0x01, 0x02, 0x03, 0x03, 0x03, 0x01, 0x09, 0x12, 0x2d, 0x1d,
  0xf4, 0x01, 0x2f, 0xfe, 0xd1, 0x01, 0x2f, 0xd7, 0x03, 0xb0, 0xfc, 0x69, 0xf8, 0x0d, 0x31, 0x3e,
  0x42, 0x3c, 0x2d, 0x0a, 0x2a, 0x5e, 0x2f, 0xfe, 0x8e, 0x00, 0x00, 0x01, 0x00, 0x56, 0xff, 0xec,
  0x04, 0x12, 0x05, 0xb6, 0x00, 0x28, 0x00, 0x00, 0x01, 0x32, 0x1e, 0x02, 0x15, 0x14, 0x0e, 0x02,
  0x23, 0x22, 0x2e, 0x02, 0x27, 0x11, 0x1e, 0x03, 0x33, 0x32, 0x36, 0x35, 0x34, 0x26, 0x23, 0x22,
  0x0e, 0x02, 0x07, 0x27, 0x13, 0x21, 0x11, 0x21, 0x03, 0x36, 0x36, 0x02, 0x56, 0x5e, 0xa2, 0x78,
  0x44, 0x4a, 0x90, 0xd5, 0x8a, 0x37, 0x6c, 0x63, 0x59, 0x24, 0x23, 0x5c, 0x63, 0x64, 0x2d, 0x86,
  0x8c, 0x89, 0x8f, 0x1a, 0x3b, 0x39, 0x34, 0x13, 0x7b, 0x37, 0x03, 0x04, 0xfe, 0x08, 0x18, 0x20,
  0x55, 0x03, 0xa6, 0x3a, 0x70, 0xa7, 0x6c, 0x77, 0xbd, 0x83, 0x46, 0x0a, 0x13, 0x1e, 0x14, 0x01,
  0x0b, 0x14, 0x23, 0x19, 0x0f, 0x6f, 0x79, 0x6c, 0x71, 0x06, 0x0a, 0x0b, 0x06, 0x42, 0x02, 0xe9,
  0xfe, 0xfa, 0xfe, 0xe1, 0x07, 0x0e, 0x00, 0x02, 0x00, 0x4c, 0xff, 0xec, 0x04, 0x2b, 0x05, 0xc7,
  0x00, 0x29, 0x00, 0x3b, 0x00, 0x00, 0x13, 0x34, 0x3e, 0x04, 0x33, 0x32, 0x1e, 0x02, 0x17, 0x15,
  0x26, 0x26, 0x23, 0x22, 0x0e, 0x02, 0x07, 0x33, 0x3e, 0x03, 0x33, 0x32, 0x1e, 0x02, 0x15, 0x14,
  0x0e, 0x02, 0x23, 0x22, 0x2e, 0x02, 0x05, 0x32, 0x3e, 0x02, 0x35, 0x34, 0x26, 0x23, 0x22, 0x0e,
  0x02, 0x15, 0x14, 0x1e, 0x02, 0x4c, 0x17, 0x3b, 0x65, 0x9b, 0xd9, 0x91, 0x15, 0x32, 0x33, 0x30,
  0x13, 0x26, 0x55, 0x2b, 0x87, 0xae, 0x66, 0x2b, 0x05, 0x0c, 0x14, 0x39, 0x4c, 0x5f, 0x3b, 0x5f,
  0x98, 0x69, 0x38, 0x43, 0x7c, 0xb0, 0x6e, 0x6c, 0xbc, 0x8b, 0x4f, 0x01, 0xfc, 0x29, 0x43, 0x31,
  0x1b, 0x59, 0x5b, 0x2e, 0x4c, 0x36, 0x1d, 0x19, 0x33, 0x4b, 0x02, 0x6d, 0x69, 0xd0, 0xbf, 0xa4,
  0x79, 0x45, 0x02, 0x03, 0x06, 0x04, 0xf7, 0x09, 0x0b, 0x43, 0x78, 0xa8, 0x66, 0x24, 0x3f, 0x2d,
  0x1a, 0x3e, 0x76, 0xac, 0x6f, 0x77, 0xbc, 0x83, 0x45, 0x4d, 0x9e, 0xf1, 0xe5, 0x1f, 0x3f, 0x60,
  0x42, 0x6b, 0x7b, 0x24, 0x3a, 0x48, 0x25, 0x33, 0x65, 0x51, 0x32, 0x00, 0x00, 0x01, 0x00, 0x37,
  0x00, 0x00, 0x04, 0x27, 0x05, 0xb4, 0x00, 0x06, 0x00, 0x00, 0x33, 0x01, 0x21, 0x11, 0x21, 0x15,
  0x01, 0xcf, 0x02, 0x08, 0xfd, 0x60, 0x03, 0xf0, 0xfd, 0xeb, 0x04, 0xb0, 0x01, 0x04, 0xc2, 0xfb,
  0x0e, 0x00, 0x00, 0x03, 0x00, 0x48, 0xff, 0xec, 0x04, 0x21, 0x05, 0xc9, 0x00, 0x27, 0x00, 0x3a,
  0x00, 0x4e, 0x00, 0x00, 0x01, 0x32, 0x1e, 0x02, 0x15, 0x14, 0x0e, 0x02, 0x07, 0x1e, 0x03, 0x15,
  0x14, 0x0e, 0x02, 0x23, 0x22, 0x2e, 0x02, 0x35, 0x34, 0x3e, 0x02, 0x37, 0x2e, 0x03, 0x35, 0x34,
  0x3e, 0x02, 0x03, 0x14, 0x1e, 0x02, 0x33, 0x32, 0x36, 0x35, 0x34, 0x2e, 0x02, 0x27, 0x27, 0x0e,
  0x03, 0x13, 0x22, 0x0e, 0x02, 0x15, 0x14, 0x1e, 0x02, 0x17, 0x3e, 0x03, 0x35, 0x34, 0x2e, 0x02,
  0x02, 0x35, 0x5b, 0xa2, 0x7a, 0x48, 0x28, 0x46, 0x60, 0x38, 0x3a, 0x6f, 0x56, 0x34, 0x48, 0x82,
  0xb5, 0x6d, 0x76, 0xb8, 0x7e, 0x41, 0x2c, 0x4c, 0x66, 0x3a, 0x31, 0x56, 0x3f, 0x25, 0x49, 0x7c,
  0xa2, 0x76, 0x1a, 0x33, 0x4c, 0x32, 0x69, 0x68, 0x23, 0x37, 0x46, 0x23, 0x16, 0x2c, 0x48, 0x33,
  0x1c, 0xcd, 0x21, 0x39, 0x29, 0x18, 0x19, 0x2b, 0x39, 0x20, 0x1f, 0x38, 0x2b, 0x1a, 0x18, 0x2a,
  0x3a, 0x05, 0xc9, 0x2c, 0x58, 0x84, 0x59, 0x42, 0x6b, 0x57, 0x44, 0x1c, 0x1f, 0x4c, 0x5f, 0x76,
  0x49, 0x5b, 0x94, 0x68, 0x38, 0x36, 0x64, 0x92, 0x5b, 0x4b, 0x78, 0x60, 0x4a, 0x1c, 0x1f, 0x49,
  0x59, 0x6c, 0x41, 0x57, 0x83, 0x59, 0x2c, 0xfb, 0xbc, 0x28, 0x43, 0x30, 0x1b, 0x63, 0x51, 0x2a,
  0x43, 0x39, 0x30, 0x16, 0x0e, 0x16, 0x33, 0x3d, 0x48, 0x03, 0x38, 0x14, 0x26, 0x38, 0x23, 0x2a,
  0x3d, 0x2f, 0x25, 0x12, 0x10, 0x26, 0x31, 0x3e, 0x28, 0x23, 0x38, 0x26, 0x14, 0x00, 0x00, 0x02,
  0x00, 0x3f, 0xff, 0xec, 0x04, 0x1f, 0x05, 0xc7, 0x00, 0x29, 0x00, 0x3b, 0x00, 0x00, 0x01, 0x14,
  0x0e, 0x04, 0x23, 0x22, 0x2e, 0x02, 0x27, 0x35, 0x16, 0x16, 0x33, 0x32, 0x3e, 0x02, 0x37, 0x23,
  0x0e, 0x03, 0x23, 0x22, 0x2e, 0x02, 0x35, 0x34, 0x3e, 0x02, 0x33, 0x32, 0x1e, 0x02, 0x25, 0x22,
  0x0e, 0x02, 0x15, 0x14, 0x16, 0x33, 0x32, 0x3e, 0x02, 0x35, 0x34, 0x2e, 0x02, 0x04, 0x1f, 0x17,
  0x3b, 0x65, 0x9b, 0xd9, 0x92, 0x15, 0x32, 0x33, 0x30, 0x12, 0x25, 0x55, 0x2c, 0x87, 0xae, 0x66,
  0x2b, 0x05, 0x0d, 0x14, 0x38, 0x4c, 0x60, 0x3b, 0x5f, 0x98, 0x69, 0x38, 0x43, 0x7c, 0xb1, 0x6e,
  0x6c, 0xbc, 0x8a, 0x50, 0xfe, 0x04, 0x29, 0x44, 0x31, 0x1b, 0x5a, 0x5b, 0x2e, 0x4c, 0x36, 0x1d,
  0x19, 0x33, 0x4b, 0x03, 0x46, 0x69, 0xd1, 0xbe, 0xa5, 0x78, 0x45, 0x02, 0x03, 0x05, 0x04, 0xf8,
  0x0a, 0x0b, 0x43, 0x79, 0xa8, 0x65, 0x24, 0x3e, 0x2e, 0x1a, 0x3e, 0x76, 0xac, 0x6f, 0x77, 0xbc,
  0x83, 0x46, 0x4d, 0x9e, 0xf2, 0xe5, 0x1e, 0x3f, 0x61, 0x42, 0x6a, 0x7c, 0x24, 0x3a, 0x48, 0x25,
  0x33, 0x65, 0x51, 0x32, 0x00, 0x02, 0x00, 0x9c, 0xff, 0xe5, 0x01, 0xfa, 0x04, 0x73, 0x00, 0x13,
  0x00, 0x27, 0x00, 0x00, 0x37, 0x34, 0x3e, 0x02, 0x33, 0x32, 0x1e, 0x02, 0x15, 0x14, 0x0e, 0x02,
  0x23, 0x22, 0x2e, 0x02, 0x11, 0x34, 0x3e, 0x02, 0x33, 0x32, 0x1e, 0x02, 0x15, 0x14, 0x0e, 0x02,
  0x23, 0x22, 0x2e, 0x02, 0x9c, 0x1b, 0x30, 0x40, 0x25, 0x23, 0x3f, 0x30, 0x1c, 0x1c, 0x30, 0x3f,
  0x23, 0x25, 0x40, 0x30, 0x1b, 0x1b, 0x30, 0x40, 0x25, 0x23, 0x3f, 0x30, 0x1c, 0x1c, 0x30, 0x3f,
  0x23, 0x25, 0x40, 0x30, 0x1b, 0x8f, 0x2f, 0x41, 0x28, 0x12, 0x12, 0x28, 0x41, 0x2f, 0x2d, 0x40,
  0x2a, 0x13, 0x13, 0x2a, 0x40, 0x03, 0x67, 0x2f, 0x41, 0x28, 0x12, 0x12, 0x28, 0x41, 0x2f, 0x2d,
  0x41, 0x29, 0x13, 0x13, 0x29, 0x41, 0x00, 0x02, 0x00, 0x66, 0xff, 0x0c, 0x01, 0xfa, 0x04, 0x73,
  0x00, 0x0c, 0x00, 0x20, 0x00, 0x00, 0x01, 0x17, 0x0e, 0x03, 0x07, 0x23, 0x3e, 0x03, 0x37, 0x03,
  0x34, 0x3e, 0x02, 0x33, 0x32, 0x1e, 0x02, 0x15, 0x14, 0x0e, 0x02, 0x23, 0x22, 0x2e, 0x02, 0x01,
  0xe3, 0x0f, 0x0e, 0x27, 0x2f, 0x33, 0x19, 0xdc, 0x0f, 0x1d, 0x1b, 0x16, 0x08, 0x2f, 0x1b, 0x30,
  0x40, 0x25, 0x23, 0x3f, 0x30, 0x1c, 0x1c, 0x30, 0x3f, 0x23, 0x25, 0x40, 0x30, 0x1b, 0x01, 0x20,
  0x18, 0x3a, 0x81, 0x83, 0x83, 0x3b, 0x41, 0x8c, 0x8a, 0x85, 0x38, 0x02, 0xa9, 0x2f, 0x41, 0x28,
  0x12, 0x12, 0x28, 0x41, 0x2f, 0x2d, 0x41, 0x29, 0x13, 0x13, 0x29, 0x41, 0x00, 0x01, 0x00, 0x6c,
  0x00, 0x8f, 0x04, 0x24, 0x04, 0xc4, 0x00, 0x06, 0x00, 0x00, 0x25, 0x01, 0x35, 0x01, 0x15, 0x01,
  0x01, 0x04, 0x24, 0xfc, 0x48, 0x03, 0xb8, 0xfd, 0x7d, 0x02, 0x83, 0x8f, 0x01, 0xb6, 0x8f, 0x01,
  0xf0, 0xf0, 0xfe, 0xc3, 0xfe, 0xe7, 0x00, 0x02, 0x00, 0x6c, 0x01, 0x66, 0x04, 0x24, 0x03, 0xc4,
  0x00, 0x03, 0x00, 0x07, 0x00, 0x00, 0x13, 0x35, 0x21, 0x15, 0x01, 0x35, 0x21, 0x15, 0x6c, 0x03,
  0xb8, 0xfc, 0x48, 0x03, 0xb8, 0x02, 0xeb, 0xd9, 0xd9, 0xfe, 0x7b, 0xdb, 0xdb, 0x00, 0x00, 0x01,
  0x00, 0x6c, 0x00, 0x8f, 0x04, 0x24, 0x04, 0xc4, 0x00, 0x06, 0x00, 0x00, 0x13, 0x01, 0x01, 0x35,
  0x01, 0x15, 0x01, 0x6c, 0x02, 0x83, 0xfd, 0x7d, 0x03, 0xb8, 0xfc, 0x48, 0x01, 0x7e, 0x01, 0x19,
  0x01, 0x3d, 0xf0, 0xfe, 0x10, 0x8f, 0xfe, 0x4a, 0x00, 0x02, 0x00, 0x7f, 0xff, 0xe5, 0x03, 0xdb,
  0x05, 0xcb, 0x00, 0x27, 0x00, 0x3b, 0x00, 0x00, 0x01, 0x35, 0x34, 0x3e, 0x02, 0x37, 0x3e, 0x03,
  0x35, 0x34, 0x26, 0x23, 0x22, 0x06, 0x07, 0x27, 0x3e, 0x03, 0x33, 0x32, 0x1e, 0x02, 0x15, 0x14,
  0x0e, 0x02, 0x07, 0x0e, 0x03, 0x15, 0x15, 0x01, 0x34, 0x3e, 0x02, 0x33, 0x32, 0x1e, 0x02, 0x15,
  0x14, 0x0e, 0x02, 0x23, 0x22, 0x2e, 0x02, 0x01, 0x6e, 0x15, 0x2b, 0x44, 0x30, 0x2a, 0x3a, 0x24,
  0x10, 0x4d, 0x4f, 0x45, 0x9f, 0x55, 0x66, 0x2b, 0x65, 0x6d, 0x70, 0x36, 0x66, 0xa4, 0x72, 0x3d,
  0x1c, 0x37, 0x53, 0x37, 0x2a, 0x35, 0x1e, 0x0b, 0xfe, 0xd7, 0x1b, 0x30, 0x41, 0x25, 0x23, 0x3f,
  0x30, 0x1c, 0x1c, 0x30, 0x3f, 0x23, 0x25, 0x41, 0x30, 0x1b, 0x01, 0xe5, 0x4a, 0x33, 0x53, 0x4b,
  0x47, 0x26, 0x21, 0x34, 0x33, 0x38, 0x25, 0x39, 0x4a, 0x3a, 0x2a, 0xdd, 0x19, 0x2d, 0x23, 0x14,
  0x31, 0x5e, 0x86, 0x56, 0x3f, 0x63, 0x55, 0x4f, 0x2c, 0x21, 0x31, 0x2c, 0x2f, 0x20, 0x3c, 0xfe,
  0xaa, 0x2f, 0x41, 0x28, 0x12, 0x12, 0x28, 0x41, 0x2f, 0x2d, 0x40, 0x2a, 0x13, 0x13, 0x2a, 0x40,
  0x00, 0x04, 0x00, 0xd6, 0xfd, 0xdc, 0x02, 0xba, 0x07, 0x2c, 0x00, 0x07, 0x00, 0x08, 0x00, 0x09,
  0x00, 0x0a, 0x00, 0x00, 0x01, 0x21, 0x11, 0x21, 0x15, 0x23, 0x11, 0x33, 0x03, 0x03, 0x13, 0x02,
  0xba, 0xfe, 0x1c, 0x01, 0xe4, 0xe0, 0xe0, 0x91, 0x05, 0x1f, 0xfe, 0xad, 0x07, 0xfb, 0xd3, 0xf9,
  0xab, 0x05, 0x7a, 0x02, 0x32, 0xf6, 0xb0, 0x00, 0x00, 0x04, 0x00, 0x48, 0xfd, 0xdc, 0x03, 0x7e,
  0x07, 0x2c, 0x00, 0x03, 0x00, 0x04, 0x00, 0x05, 0x00, 0x06, 0x00, 0x00, 0x01, 0x01, 0x21, 0x01,
  0x01, 0x03, 0x13, 0x01, 0x4e, 0x02, 0x30, 0xfe, 0xfa, 0xfd, 0xd0, 0x01, 0xe1, 0x05, 0x1f, 0x06,
  0xa9, 0xf8, 0x04, 0x07, 0xfc, 0xfe, 0x51, 0x02, 0x32, 0xf6, 0xb0, 0x00, 0x00, 0x04, 0x00, 0x64,
  0xfd, 0xdc, 0x02, 0x48, 0x07, 0x2c, 0x00, 0x07, 0x00, 0x08, 0x00, 0x09, 0x00, 0x0a, 0x00, 0x00,
  0x13, 0x21, 0x11, 0x21, 0x35, 0x33, 0x11, 0x23, 0x17, 0x03, 0x13, 0x64, 0x01, 0xe4, 0xfe, 0x1c,
  0xe0, 0xe0, 0x99, 0x05, 0x1f, 0x06, 0xa8, 0xf8, 0x05, 0xd3, 0x06, 0x55, 0xdb, 0x02, 0x32, 0xf6,
  0xb0, 0x00, 0x00, 0x01, 0x00, 0x2d, 0x02, 0x08, 0x04, 0x62, 0x05, 0xbe, 0x00, 0x08, 0x00, 0x00,
  0x13, 0x01, 0x33, 0x01, 0x23, 0x01, 0x06, 0x02, 0x07, 0x2d, 0x01, 0xb6, 0x90, 0x01, 0xef, 0xef,
  0xfe, 0xbe, 0x45, 0x8f, 0x44, 0x02, 0x08, 0x03, 0xb6, 0xfc, 0x4a, 0x02, 0x83, 0xa1, 0xfe, 0xba,
  0x9c, 0x00, 0x00, 0x01, 0xff, 0xfc, 0xfe, 0xbc, 0x03, 0x4e, 0xff, 0x48, 0x00, 0x03, 0x00, 0x00,
  0x01, 0x21, 0x35, 0x21, 0x03, 0x4e, 0xfc, 0xae, 0x03, 0x52, 0xfe, 0xbc, 0x8c, 0x00, 0x00, 0x04,
  0x00, 0x4e, 0xfd, 0xdc, 0x03, 0x04, 0x07, 0x2c, 0x00, 0x28, 0x00, 0x29, 0x00, 0x2a, 0x00, 0x2b,
  0x00, 0x00, 0x13, 0x35, 0x32, 0x3e, 0x02, 0x27, 0x11, 0x34, 0x3e, 0x02, 0x33, 0x15, 0x0e, 0x03,
  0x15, 0x11, 0x06, 0x07, 0x15, 0x16, 0x16, 0x07, 0x11, 0x14, 0x1e, 0x02, 0x17, 0x15, 0x22, 0x2e,
  0x02, 0x35, 0x11, 0x34, 0x26, 0x13, 0x03, 0x13, 0x4e, 0x3e, 0x61, 0x42, 0x21, 0x02, 0x26, 0x63,
  0xaa, 0x83, 0x28, 0x41, 0x2d, 0x18, 0x06, 0xe4, 0x73, 0x7a, 0x03, 0x18, 0x2d, 0x41, 0x28, 0x83,
  0xaa, 0x63, 0x26, 0x83, 0x32, 0x05, 0x1f, 0x02, 0x32, 0xef, 0x16, 0x32, 0x4f, 0x38, 0x01, 0x73,
  0x56, 0x7b, 0x4e, 0x25, 0xe1, 0x01, 0x0f, 0x25, 0x40, 0x33, 0xfe, 0x9b, 0xdf, 0x2a, 0x0c, 0x14,
  0x84, 0x70, 0xfe, 0x9b, 0x33, 0x40, 0x25, 0x0f, 0x01, 0xe2, 0x25, 0x4e, 0x7c, 0x56, 0x01, 0x6f,
  0x71, 0x60, 0x02, 0xc8, 0x02, 0x32, 0xf6, 0xb0, 0x00, 0x04, 0x01, 0x5c, 0xfd, 0xdc, 0x02, 0x96,
  0x07, 0x2c, 0x00, 0x03, 0x00, 0x04, 0x00, 0x05, 0x00, 0x06, 0x00, 0x00, 0x01, 0x33, 0x11, 0x23,
  0x03, 0x03, 0x13, 0x01, 0xbb, 0xdb, 0xdb, 0x5a, 0x05, 0x1f, 0x06, 0xa7, 0xf8, 0x06, 0x06, 0x4d,
  0x02, 0x32, 0xf6, 0xb0, 0x00, 0x04, 0x00, 0x64, 0xfd, 0xdc, 0x03, 0x1a, 0x07, 0x2c, 0x00, 0x28,
  0x00, 0x29, 0x00, 0x2a, 0x00, 0x2b, 0x00, 0x00, 0x01, 0x22, 0x0e, 0x02, 0x17, 0x11, 0x14, 0x0e,
  0x02, 0x23, 0x35, 0x3e, 0x03, 0x35, 0x11, 0x36, 0x37, 0x35, 0x26, 0x26, 0x37, 0x11, 0x34, 0x2e,
  0x02, 0x27, 0x35, 0x32, 0x1e, 0x02, 0x15, 0x11, 0x14, 0x16, 0x33, 0x03, 0x03, 0x13, 0x03, 0x1a,
  0x3e, 0x61, 0x42, 0x21, 0x02, 0x26, 0x63, 0xaa, 0x83, 0x28, 0x41, 0x2d, 0x18, 0x06, 0xe4, 0x73,
  0x7a, 0x03, 0x18, 0x2d, 0x41, 0x28, 0x83, 0xaa, 0x63, 0x26, 0x83, 0x7d, 0x8d, 0x05, 0x1f, 0x02,
  0x33, 0x16, 0x32, 0x4f, 0x38, 0xfe, 0x8d, 0x56, 0x7b, 0x4e, 0x25, 0xe1, 0x01, 0x0f, 0x25, 0x40,
  0x33, 0x01, 0x65, 0xdf, 0x2a, 0x0c, 0x14, 0x84, 0x70, 0x01, 0x65, 0x33, 0x40, 0x25, 0x0f, 0x01,
  0xe2, 0x25, 0x4e, 0x7c, 0x56, 0xfe, 0x91, 0x71, 0x60, 0x01, 0xd8, 0x02, 0x32, 0xf6, 0xb0, 0x00,
  0x00, 0x01, 0x00, 0x6c, 0x01, 0xeb, 0x04, 0x24, 0x03, 0x41, 0x00, 0x24, 0x00, 0x00, 0x01, 0x2e,
  0x03, 0x23, 0x22, 0x0e, 0x02, 0x07, 0x35, 0x36, 0x36, 0x33, 0x32, 0x1e, 0x02, 0x17, 0x1e, 0x03,
  0x33, 0x32, 0x3e, 0x02, 0x37, 0x15, 0x06, 0x23, 0x22, 0x2e, 0x02, 0x02, 0x24, 0x25, 0x39, 0x2f,
  0x2a, 0x17, 0x1d, 0x3e, 0x3c, 0x39, 0x1a, 0x33, 0x7f, 0x4e, 0x1e, 0x33, 0x39, 0x46, 0x30, 0x26,
  0x39, 0x30, 0x2a, 0x16, 0x1d, 0x3e, 0x3c, 0x39, 0x19, 0x65, 0x9b, 0x1e, 0x33, 0x39, 0x46, 0x02,
  0x2c, 0x10, 0x16, 0x0d, 0x05, 0x13, 0x21, 0x2c, 0x19, 0xe7, 0x36, 0x37, 0x05, 0x0e, 0x19, 0x14,
  0x10, 0x15, 0x0d, 0x05, 0x13, 0x20, 0x2d, 0x19, 0xe7, 0x6d, 0x05, 0x0d, 0x19, 0x00, 0x00, 0x01,
  0x00, 0x7c, 0x00, 0x00, 0x04, 0x20, 0x04, 0xfa, 0x00, 0x1b, 0x00, 0x00, 0x01, 0x06, 0x06, 0x07,
  0x01, 0x21, 0x01, 0x37, 0x33, 0x32, 0x36, 0x37, 0x21, 0x35, 0x21, 0x2e, 0x02, 0x23, 0x23, 0x35,
  0x21, 0x15, 0x21, 0x16, 0x17, 0x21, 0x15, 0x02, 0xf5, 0x18, 0xa3, 0x8c, 0x01, 0x91, 0xfe, 0xae,
  0xfe, 0x8f, 0x26, 0x35, 0x97, 0x63, 0x12, 0xfe, 0x99, 0x01, 0x64, 0x10, 0x39, 0x50, 0x54, 0x77,
  0x03, 0xa4, 0xfe, 0x7d, 0x2e, 0x1c, 0x01, 0x39, 0x02, 0xf2, 0x77, 0x98, 0x21, 0xfe, 0x3e, 0x01,
  0xb3, 0xc4, 0x45, 0x36, 0xce, 0x27, 0x32, 0x13, 0xce, 0xce, 0x24, 0x48, 0xce, 0x00, 0x00, 0x00,
  0x00, 0x00, 0x00, 0x02, 0x00, 0x1e, 0x00, 0x03, 0x00, 0x01, 0x04, 0x09, 0x00, 0x01, 0x00, 0x12,
  0x00, 0x00, 0x00, 0x03, 0x00, 0x01, 0x04, 0x09, 0x00, 0x02, 0x00, 0x08, 0x00, 0x12, 0x00, 0x4e,
  0x00, 0x6f, 0x00, 0x74, 0x00, 0x6f, 0x00, 0x20, 0x00, 0x53, 0x00, 0x61, 0x00, 0x6e, 0x00, 0x73,
  0x00, 0x42, 0x00, 0x6f, 0x00, 0x6c, 0x00, 0x64, 0x00, 0x03, 0x00, 0x00, 0x00, 0x00, 0x00, 0x00,
  0xff, 0x66, 0x00, 0x66, 0x00, 0x00, 0x00, 0x00, 0x00, 0x00, 0x00, 0x00, 0x00, 0x00, 0x00, 0x00,
  0x00, 0x00, 0x00, 0x00, 0x00, 0x00, 0x00, 0x00, 0x00, 0x01, 0x00, 0x03, 0x00, 0x08, 0x00, 0x0a,
  0x00, 0x09, 0x00, 0x07, 0xff, 0xff, 0x00, 0x0f, 0x00, 0x01, 0x00, 0x00, 0x00, 0x0c, 0x00, 0x00,
  0x00, 0x00, 0x00, 0x00, 0x00, 0x02, 0x00, 0x05, 0x00, 0x00, 0x00, 0x1d, 0x00, 0x01, 0x00, 0x1e,
  0x00, 0x1e, 0x00, 0x03, 0x00, 0x1f, 0x00, 0x3a, 0x00, 0x01, 0x00, 0x3c, 0x00, 0x3f, 0x00, 0x01,
  0x00, 0x41, 0x00, 0x43, 0x00, 0x01, 0x00, 0x00, 0x00, 0x01, 0x00, 0x00, 0x00, 0x0a, 0x00, 0x0c,
  0x00, 0x0e, 0x00, 0x00, 0x00, 0x00, 0x00, 0x00, 0x00, 0x01, 0x00, 0x00, 0x00, 0x0a, 0x00, 0x2e,
  0x00, 0x30, 0x00, 0x05, 0x63, 0x79, 0x72, 0x6c, 0x00, 0x20, 0x64, 0x65, 0x76, 0x32, 0x00, 0x20,
  0x64, 0x65, 0x76, 0x61, 0x00, 0x20, 0x67, 0x72, 0x65, 0x6b, 0x00, 0x20, 0x6c, 0x61, 0x74, 0x6e,
  0x00, 0x20, 0x00, 0x00, 0x00, 0x00, 0x00, 0x00, 0x00, 0x00, 0x00, 0x00
};

// Digital Numbers is a fixed width (web)font in a cool liquid-crystal display (LCD) style.
// https://github.com/s-a/digital-numbers-font/blob/gh-pages/dist/DigitalNumbers-Regular.ttf
// License: https://github.com/s-a/digital-numbers-font/blob/gh-pages/OFL.txt
// Supported glyphs: 0123456789 ,.:;KMGTPE

// array size is 4184
const unsigned char DigitalNumbers[] PROGMEM  = {
  0x00, 0x01, 0x00, 0x00, 0x00, 0x0d, 0x00, 0x80, 0x00, 0x03, 0x00, 0x50, 0x46, 0x46, 0x54, 0x4d, 
  0x8c, 0xbf, 0x2d, 0x05, 0x00, 0x00, 0x10, 0x3c, 0x00, 0x00, 0x00, 0x1c, 0x4f, 0x53, 0x2f, 0x32, 
  0x57, 0x08, 0x60, 0xb5, 0x00, 0x00, 0x01, 0x58, 0x00, 0x00, 0x00, 0x56, 0x63, 0x6d, 0x61, 0x70, 
  0x2b, 0x1d, 0x57, 0xf6, 0x00, 0x00, 0x01, 0xf0, 0x00, 0x00, 0x01, 0x8a, 0x63, 0x76, 0x74, 0x20, 
  0x00, 0x21, 0x02, 0x79, 0x00, 0x00, 0x03, 0x7c, 0x00, 0x00, 0x00, 0x04, 0x67, 0x61, 0x73, 0x70, 
  0xff, 0xff, 0x00, 0x03, 0x00, 0x00, 0x10, 0x34, 0x00, 0x00, 0x00, 0x08, 0x67, 0x6c, 0x79, 0x66, 
  0x54, 0x33, 0x1d, 0x9f, 0x00, 0x00, 0x03, 0xb4, 0x00, 0x00, 0x07, 0x64, 0x68, 0x65, 0x61, 0x64, 
  0x14, 0xb4, 0x99, 0xc0, 0x00, 0x00, 0x00, 0xdc, 0x00, 0x00, 0x00, 0x36, 0x68, 0x68, 0x65, 0x61, 
  0x06, 0xda, 0x01, 0xcf, 0x00, 0x00, 0x01, 0x14, 0x00, 0x00, 0x00, 0x24, 0x68, 0x6d, 0x74, 0x78, 
  0x0f, 0x23, 0x06, 0x12, 0x00, 0x00, 0x01, 0xb0, 0x00, 0x00, 0x00, 0x3e, 0x6c, 0x6f, 0x63, 0x61, 
  0x13, 0x80, 0x11, 0xfa, 0x00, 0x00, 0x03, 0x80, 0x00, 0x00, 0x00, 0x32, 0x6d, 0x61, 0x78, 0x70, 
  0x00, 0x62, 0x00, 0x73, 0x00, 0x00, 0x01, 0x38, 0x00, 0x00, 0x00, 0x20, 0x6e, 0x61, 0x6d, 0x65, 
  0x41, 0x6d, 0x32, 0x9a, 0x00, 0x00, 0x0b, 0x18, 0x00, 0x00, 0x04, 0xc5, 0x70, 0x6f, 0x73, 0x74, 
  0x00, 0xd9, 0x01, 0x5c, 0x00, 0x00, 0x0f, 0xe0, 0x00, 0x00, 0x00, 0x52, 0x00, 0x01, 0x00, 0x00, 
  0x00, 0x01, 0x1a, 0x1c, 0xcc, 0x53, 0x37, 0xdb, 0x5f, 0x0f, 0x3c, 0xf5, 0x00, 0x0b, 0x03, 0xe8, 
  0x00, 0x00, 0x00, 0x00, 0xd1, 0x98, 0x6e, 0xf9, 0x00, 0x00, 0x00, 0x00, 0xe0, 0xf3, 0xcd, 0x87, 
  0x00, 0x00, 0xff, 0x0b, 0x03, 0x09, 0x03, 0x34, 0x00, 0x00, 0x00, 0x08, 0x00, 0x02, 0x00, 0x00, 
  0x00, 0x00, 0x00, 0x00, 0x00, 0x01, 0x00, 0x00, 0x03, 0xce, 0xfe, 0xc3, 0x00, 0x00, 0x03, 0x20, 
  0x00, 0x00, 0xff, 0xe4, 0x03, 0x09, 0x00, 0x01, 0x00, 0x00, 0x00, 0x00, 0x00, 0x00, 0x00, 0x00, 
  0x00, 0x00, 0x00, 0x00, 0x00, 0x00, 0x00, 0x07, 0x00, 0x01, 0x00, 0x00, 0x00, 0x18, 0x00, 0x42, 
  0x00, 0x08, 0x00, 0x00, 0x00, 0x00, 0x00, 0x02, 0x00, 0x00, 0x00, 0x01, 0x00, 0x01, 0x00, 0x00, 
  0x00, 0x40, 0x00, 0x2e, 0x00, 0x00, 0x00, 0x00, 0x00, 0x01, 0x02, 0xdd, 0x01, 0x90, 0x00, 0x05, 
  0x00, 0x00, 0x02, 0x8a, 0x02, 0xbb, 0x00, 0x00, 0x00, 0x8c, 0x02, 0x8a, 0x02, 0xbb, 0x00, 0x00, 
  0x01, 0xdf, 0x00, 0x31, 0x01, 0x02, 0x00, 0x00, 0x02, 0x00, 0x05, 0x03, 0x00, 0x00, 0x00, 0x00, 
  0x00, 0x00, 0x00, 0x00, 0x00, 0x03, 0x00, 0x00, 0x00, 0x00, 0x00, 0x00, 0x00, 0x00, 0x00, 0x00, 
  0x00, 0x00, 0x50, 0x66, 0x45, 0x64, 0x00, 0x40, 0x00, 0x20, 0x00, 0x54, 0x03, 0xce, 0xfe, 0xc3, 
  0x00, 0x00, 0x03, 0xce, 0x01, 0x3d, 0x00, 0x00, 0x00, 0x01, 0x00, 0x00, 0x00, 0x00, 0x00, 0x00, 
  0x01, 0x6c, 0x00, 0x21, 0x00, 0x00, 0x00, 0x00, 0x01, 0x4d, 0x00, 0x00, 0x03, 0x20, 0x00, 0x00, 
  0x00, 0x64, 0x00, 0x00, 0x00, 0x64, 0x00, 0x00, 0x03, 0x20, 0x00, 0x90, 0x00, 0x90, 0x00, 0x93, 
  0x00, 0xb1, 0x00, 0x90, 0x00, 0x90, 0x00, 0x90, 0x00, 0xb4, 0x00, 0x90, 0x00, 0x90, 0x01, 0x51, 
  0x01, 0x50, 0x00, 0xa0, 0x00, 0x90, 0x00, 0x9c, 0x00, 0x56, 0x00, 0x91, 0x00, 0x17, 0x00, 0x00, 
  0x00, 0x00, 0x00, 0x03, 0x00, 0x00, 0x00, 0x03, 0x00, 0x00, 0x00, 0x1c, 0x00, 0x01, 0x00, 0x00, 
  0x00, 0x00, 0x00, 0x84, 0x00, 0x03, 0x00, 0x01, 0x00, 0x00, 0x00, 0x1c, 0x00, 0x04, 0x00, 0x68, 
  0x00, 0x00, 0x00, 0x16, 0x00, 0x10, 0x00, 0x03, 0x00, 0x06, 0x00, 0x20, 0x00, 0x2c, 0x00, 0x2e, 
  0x00, 0x3b, 0x00, 0x45, 0x00, 0x47, 0x00, 0x4b, 0x00, 0x4d, 0x00, 0x50, 0x00, 0x54, 0xff, 0xff, 
  0x00, 0x00, 0x00, 0x20, 0x00, 0x2c, 0x00, 0x2e, 0x00, 0x30, 0x00, 0x45, 0x00, 0x47, 0x00, 0x4b, 
  0x00, 0x4d, 0x00, 0x50, 0x00, 0x54, 0xff, 0xff, 0xff, 0xe3, 0xff, 0xd8, 0xff, 0xd7, 0xff, 0xd6, 
  0xff, 0xcd, 0xff, 0xcc, 0xff, 0xc9, 0xff, 0xc8, 0xff, 0xc6, 0xff, 0xc3, 0x00, 0x01, 0x00, 0x00, 
  0x00, 0x00, 0x00, 0x00, 0x00, 0x00, 0x00, 0x00, 0x00, 0x00, 0x00, 0x00, 0x00, 0x00, 0x00, 0x00, 
  0x00, 0x00, 0x00, 0x00, 0x00, 0x00, 0x01, 0x06, 0x00, 0x00, 0x01, 0x00, 0x00, 0x00, 0x00, 0x00, 
  0x00, 0x00, 0x01, 0x02, 0x00, 0x00, 0x00, 0x02, 0x00, 0x00, 0x00, 0x00, 0x00, 0x00, 0x00, 0x00, 
  0x00, 0x00, 0x00, 0x00, 0x00, 0x00, 0x00, 0x01, 0x00, 0x00, 0x03, 0x00, 0x00, 0x00, 0x00, 0x00, 
  0x00, 0x00, 0x00, 0x00, 0x00, 0x00, 0x04, 0x00, 0x05, 0x00, 0x06, 0x07, 0x08, 0x09, 0x0a, 0x0b, 
  0x0c, 0x0d, 0x0e, 0x0f, 0x10, 0x11, 0x00, 0x00, 0x00, 0x00, 0x00, 0x00, 0x00, 0x00, 0x00, 0x12, 
  0x00, 0x13, 0x00, 0x00, 0x00, 0x14, 0x00, 0x15, 0x00, 0x00, 0x16, 0x00, 0x00, 0x00, 0x17, 0x00, 
  0x00, 0x00, 0x00, 0x00, 0x00, 0x00, 0x00, 0x00, 0x00, 0x00, 0x00, 0x00, 0x00, 0x00, 0x00, 0x00, 
  0x00, 0x00, 0x00, 0x00, 0x00, 0x00, 0x00, 0x00, 0x00, 0x00, 0x00, 0x00, 0x00, 0x00, 0x00, 0x00, 
  0x00, 0x00, 0x00, 0x00, 0x00, 0x00, 0x00, 0x00, 0x00, 0x00, 0x00, 0x00, 0x00, 0x00, 0x00, 0x00, 
  0x00, 0x00, 0x00, 0x00, 0x00, 0x00, 0x00, 0x00, 0x00, 0x00, 0x00, 0x00, 0x00, 0x00, 0x00, 0x00, 
  0x00, 0x00, 0x00, 0x00, 0x00, 0x00, 0x00, 0x00, 0x00, 0x00, 0x00, 0x00, 0x00, 0x00, 0x00, 0x00, 
  0x00, 0x00, 0x00, 0x00, 0x00, 0x00, 0x00, 0x00, 0x00, 0x00, 0x00, 0x00, 0x00, 0x00, 0x00, 0x00, 
  0x00, 0x00, 0x00, 0x00, 0x00, 0x00, 0x00, 0x00, 0x00, 0x00, 0x00, 0x00, 0x00, 0x00, 0x00, 0x00, 
  0x00, 0x00, 0x00, 0x00, 0x00, 0x00, 0x00, 0x00, 0x00, 0x00, 0x00, 0x00, 0x00, 0x00, 0x00, 0x00, 
  0x00, 0x00, 0x00, 0x00, 0x00, 0x00, 0x00, 0x00, 0x00, 0x00, 0x00, 0x00, 0x00, 0x00, 0x00, 0x00, 
  0x00, 0x00, 0x00, 0x00, 0x00, 0x00, 0x00, 0x00, 0x00, 0x00, 0x00, 0x00, 0x00, 0x00, 0x00, 0x00, 
  0x00, 0x00, 0x00, 0x00, 0x00, 0x00, 0x00, 0x00, 0x00, 0x00, 0x00, 0x00, 0x00, 0x21, 0x02, 0x79, 
  0x00, 0x00, 0x00, 0x2a, 0x00, 0x2a, 0x00, 0x2a, 0x00, 0x2a, 0x00, 0x4c, 0x00, 0x58, 0x00, 0x8a, 
  0x00, 0xa2, 0x00, 0xd2, 0x01, 0x00, 0x01, 0x28, 0x01, 0x56, 0x01, 0x8c, 0x01, 0xa8, 0x01, 0xe6, 
  0x02, 0x16, 0x02, 0x28, 0x02, 0x52, 0x02, 0x82, 0x02, 0xb8, 0x03, 0x28, 0x03, 0x62, 0x03, 0x92, 
  0x03, 0xb2, 0x00, 0x00, 0x00, 0x02, 0x00, 0x21, 0x00, 0x00, 0x01, 0x2a, 0x02, 0x9a, 0x00, 0x03, 
  0x00, 0x07, 0x00, 0x2e, 0xb1, 0x01, 0x00, 0x2f, 0x3c, 0xb2, 0x07, 0x04, 0x00, 0xed, 0x32, 0xb1, 
  0x06, 0x05, 0xdc, 0x3c, 0xb2, 0x03, 0x02, 0x00, 0xed, 0x32, 0x00, 0xb1, 0x03, 0x00, 0x2f, 0x3c, 
  0xb2, 0x05, 0x04, 0x00, 0xed, 0x32, 0xb2, 0x07, 0x06, 0x01, 0xfc, 0x3c, 0xb2, 0x01, 0x02, 0x00, 
  0xed, 0x32, 0x33, 0x11, 0x21, 0x11, 0x27, 0x33, 0x11, 0x23, 0x21, 0x01, 0x09, 0xe8, 0xc7, 0xc7, 
  0x02, 0x9a, 0xfd, 0x66, 0x21, 0x02, 0x58, 0x00, 0x00, 0x02, 0x00, 0x00, 0xff, 0x0b, 0x00, 0x80, 
  0x00, 0x5e, 0x00, 0x03, 0x00, 0x12, 0x00, 0x00, 0x35, 0x33, 0x15, 0x23, 0x17, 0x0e, 0x01, 0x07, 
  0x06, 0x07, 0x0e, 0x01, 0x07, 0x06, 0x23, 0x22, 0x27, 0x26, 0x27, 0x7f, 0x7f, 0x80, 0x17, 0x26, 
  0x0c, 0x09, 0x0c, 0x03, 0x0a, 0x02, 0x06, 0x03, 0x04, 0x02, 0x01, 0x02, 0x5e, 0x80, 0x21, 0x09, 
  0x2c, 0x18, 0x12, 0x1e, 0x08, 0x1a, 0x04, 0x0f, 0x23, 0x22, 0x6d, 0x00, 0x00, 0x01, 0x00, 0x00, 
  0xff, 0x3f, 0x00, 0x7e, 0xff, 0xbf, 0x00, 0x03, 0x00, 0x00, 0x15, 0x33, 0x15, 0x23, 0x7e, 0x7e, 
  0x41, 0x80, 0x00, 0x00, 0x00, 0x06, 0x00, 0x90, 0xff, 0x2b, 0x02, 0x90, 0x03, 0x23, 0x00, 0x03, 
  0x00, 0x07, 0x00, 0x0b, 0x00, 0x0f, 0x00, 0x13, 0x00, 0x17, 0x00, 0x00, 0x17, 0x37, 0x33, 0x17, 
  0x01, 0x17, 0x15, 0x07, 0x21, 0x27, 0x35, 0x37, 0x01, 0x21, 0x07, 0x23, 0x03, 0x11, 0x17, 0x15, 
  0x01, 0x11, 0x27, 0x35, 0xb1, 0x67, 0xf7, 0x61, 0xfe, 0x23, 0x6c, 0x6c, 0x01, 0xfd, 0x6c, 0x6c, 
  0xfe, 0x20, 0x01, 0xbf, 0x63, 0xf5, 0x87, 0x6c, 0x01, 0x91, 0x6c, 0xd5, 0x6c, 0x6c, 0x01, 0xeb, 
  0x68, 0xf5, 0x62, 0x67, 0xf6, 0x62, 0x02, 0x0d, 0x6c, 0xfe, 0x82, 0x01, 0xbf, 0x61, 0xf8, 0x01, 
  0x59, 0xfe, 0x41, 0x61, 0xf7, 0x00, 0x00, 0x00, 0x00, 0x03, 0x00, 0x90, 0xff, 0x57, 0x02, 0x90, 
  0x02, 0xf8, 0x00, 0x00, 0x00, 0x04, 0x00, 0x08, 0x00, 0x00, 0x13, 0x01, 0x27, 0x35, 0x37, 0x03, 
  0x11, 0x27, 0x35, 0x90, 0x02, 0x00, 0x6c, 0x6c, 0x03, 0x6c, 0x02, 0x24, 0xfd, 0x33, 0x67, 0xf6, 
  0x62, 0x01, 0xe2, 0xfe, 0x41, 0x61, 0xf7, 0x00, 0x00, 0x05, 0x00, 0x93, 0xff, 0x2b, 0x02, 0x8d, 
  0x03, 0x23, 0x00, 0x03, 0x00, 0x07, 0x00, 0x0e, 0x00, 0x12, 0x00, 0x16, 0x00, 0x00, 0x17, 0x37, 
  0x33, 0x17, 0x01, 0x17, 0x15, 0x07, 0x13, 0x26, 0x27, 0x37, 0x21, 0x17, 0x07, 0x01, 0x21, 0x07, 
  0x23, 0x25, 0x11, 0x27, 0x35, 0xb1, 0x67, 0xf7, 0x61, 0xfe, 0x23, 0x6c, 0x6c, 0x74, 0x17, 0x30, 
  0x47, 0x01, 0x11, 0x46, 0x46, 0xfe, 0x98, 0x01, 0xbf, 0x63, 0xf5, 0x01, 0x76, 0x6c, 0xd5, 0x6c, 
  0x6c, 0x01, 0xeb, 0x68, 0xf5, 0x62, 0x01, 0x9b, 0x13, 0x24, 0x35, 0x35, 0x37, 0x02, 0x31, 0x6c, 
  0x41, 0xfe, 0x41, 0x61, 0xf7, 0x00, 0x00, 0x00, 0x00, 0x05, 0x00, 0xb1, 0xff, 0x2b, 0x02, 0x91, 
  0x03, 0x23, 0x00, 0x03, 0x00, 0x07, 0x00, 0x0e, 0x00, 0x12, 0x00, 0x16, 0x00, 0x00, 0x17, 0x37, 
  0x33, 0x17, 0x37, 0x27, 0x35, 0x37, 0x05, 0x26, 0x27, 0x37, 0x21, 0x17, 0x07, 0x01, 0x21, 0x07, 
  0x23, 0x25, 0x11, 0x27, 0x35, 0xb4, 0x65, 0xf8, 0x61, 0x1f, 0x6b, 0x6b, 0xfe, 0x77, 0x21, 0x25, 
  0x46, 0x01, 0x11, 0x46, 0x46, 0xfe, 0x98, 0x01, 0xc0, 0x62, 0xf7, 0x01, 0x76, 0x6b, 0xd5, 0x6c, 
  0x6c, 0x2c, 0x67, 0xf6, 0x62, 0x24, 0x1b, 0x1c, 0x35, 0x35, 0x37, 0x02, 0x31, 0x6c, 0x41, 0xfe, 
  0x41, 0x61, 0xf7, 0x00, 0x00, 0x04, 0x00, 0x90, 0xff, 0x57, 0x02, 0x90, 0x02, 0xf8, 0x00, 0x03, 
  0x00, 0x0a, 0x00, 0x0e, 0x00, 0x12, 0x00, 0x00, 0x05, 0x27, 0x35, 0x37, 0x05, 0x26, 0x27, 0x37, 
  0x21, 0x17, 0x07, 0x25, 0x11, 0x17, 0x15, 0x01, 0x11, 0x27, 0x35, 0x02, 0x90, 0x6c, 0x6c, 0xfe, 
  0x77, 0x17, 0x30, 0x47, 0x01, 0x11, 0x46, 0x46, 0xfe, 0x78, 0x6c, 0x01, 0x91, 0x6c, 0xa9, 0x67, 
  0xf6, 0x62, 0x24, 0x13, 0x24, 0x35, 0x35, 0x37, 0x47, 0x01, 0xbf, 0x61, 0xf8, 0x01, 0x59, 0xfe, 
  0x41, 0x61, 0xf7, 0x00, 0x00, 0x05, 0x00, 0x90, 0xff, 0x2b, 0x02, 0x90, 0x03, 0x23, 0x00, 0x03, 
  0x00, 0x07, 0x00, 0x0e, 0x00, 0x12, 0x00, 0x16, 0x00, 0x00, 0x17, 0x37, 0x33, 0x17, 0x37, 0x27, 
  0x35, 0x37, 0x05, 0x26, 0x27, 0x37, 0x21, 0x17, 0x07, 0x01, 0x21, 0x07, 0x23, 0x03, 0x11, 0x17, 
  0x15, 0xb1, 0x67, 0xf7, 0x61, 0x20, 0x6c, 0x6c, 0xfe, 0x77, 0x17, 0x30, 0x47, 0x01, 0x11, 0x46, 
  0x46, 0xfe, 0x98, 0x01, 0xbf, 0x63, 0xf5, 0x87, 0x6c, 0xd5, 0x6c, 0x6c, 0x2c, 0x67, 0xf6, 0x62, 
  0x24, 0x13, 0x24, 0x35, 0x35, 0x37, 0x02, 0x31, 0x6c, 0xfe, 0x82, 0x01, 0xbf, 0x61, 0xf8, 0x00, 
  0x00, 0x06, 0x00, 0x90, 0xff, 0x2b, 0x02, 0x90, 0x03, 0x23, 0x00, 0x03, 0x00, 0x07, 0x00, 0x0b, 
  0x00, 0x12, 0x00, 0x16, 0x00, 0x1a, 0x00, 0x00, 0x17, 0x37, 0x33, 0x17, 0x01, 0x17, 0x15, 0x07, 
  0x21, 0x27, 0x35, 0x37, 0x05, 0x26, 0x27, 0x37, 0x21, 0x17, 0x07, 0x01, 0x21, 0x07, 0x23, 0x03, 
  0x11, 0x17, 0x15, 0xb1, 0x67, 0xf7, 0x61, 0xfe, 0x23, 0x6c, 0x6c, 0x01, 0xfd, 0x6c, 0x6c, 0xfe, 
  0x77, 0x17, 0x30, 0x47, 0x01, 0x11, 0x46, 0x46, 0xfe, 0x98, 0x01, 0xbf, 0x63, 0xf5, 0x87, 0x6c, 
  0xd5, 0x6c, 0x6c, 0x01, 0xeb, 0x68, 0xf5, 0x62, 0x67, 0xf6, 0x62, 0x24, 0x13, 0x24, 0x35, 0x35, 
  0x37, 0x02, 0x31, 0x6c, 0xfe, 0x82, 0x01, 0xbf, 0x61, 0xf8, 0x00, 0x00, 0x00, 0x03, 0x00, 0xb4, 
  0xff, 0x57, 0x02, 0x94, 0x03, 0x23, 0x00, 0x03, 0x00, 0x07, 0x00, 0x0b, 0x00, 0x00, 0x05, 0x27, 
  0x35, 0x37, 0x01, 0x21, 0x07, 0x23, 0x25, 0x11, 0x27, 0x35, 0x02, 0x94, 0x6b, 0x6b, 0xfe, 0x20, 
  0x01, 0xc0, 0x62, 0xf7, 0x01, 0x76, 0x6b, 0xa9, 0x67, 0xf6, 0x62, 0x02, 0x0d, 0x6c, 0x41, 0xfe, 
  0x41, 0x61, 0xf7, 0x00, 0x00, 0x07, 0x00, 0x90, 0xff, 0x2b, 0x02, 0x90, 0x03, 0x23, 0x00, 0x03, 
  0x00, 0x07, 0x00, 0x0b, 0x00, 0x12, 0x00, 0x16, 0x00, 0x1a, 0x00, 0x1e, 0x00, 0x00, 0x17, 0x37, 
  0x33, 0x17, 0x01, 0x17, 0x15, 0x07, 0x21, 0x27, 0x35, 0x37, 0x05, 0x26, 0x27, 0x37, 0x21, 0x17, 
  0x07, 0x01, 0x21, 0x07, 0x23, 0x03, 0x11, 0x17, 0x15, 0x01, 0x11, 0x27, 0x35, 0xb1, 0x67, 0xf7, 
  0x61, 0xfe, 0x23, 0x6c, 0x6c, 0x01, 0xfd, 0x6c, 0x6c, 0xfe, 0x77, 0x17, 0x30, 0x47, 0x01, 0x11, 
  0x46, 0x46, 0xfe, 0x98, 0x01, 0xbf, 0x63, 0xf5, 0x87, 0x6c, 0x01, 0x91, 0x6c, 0xd5, 0x6c, 0x6c, 
  0x01, 0xeb, 0x68, 0xf5, 0x62, 0x67, 0xf6, 0x62, 0x24, 0x13, 0x24, 0x35, 0x35, 0x37, 0x02, 0x31, 
  0x6c, 0xfe, 0x82, 0x01, 0xbf, 0x61, 0xf8, 0x01, 0x59, 0xfe, 0x41, 0x61, 0xf7, 0x00, 0x00, 0x00, 
  0x00, 0x05, 0x00, 0x90, 0xff, 0x57, 0x02, 0x90, 0x03, 0x23, 0x00, 0x03, 0x00, 0x0a, 0x00, 0x0e, 
  0x00, 0x12, 0x00, 0x16, 0x00, 0x00, 0x05, 0x27, 0x35, 0x37, 0x05, 0x26, 0x27, 0x37, 0x21, 0x17, 
  0x07, 0x01, 0x21, 0x07, 0x23, 0x03, 0x11, 0x17, 0x15, 0x01, 0x11, 0x27, 0x35, 0x02, 0x90, 0x6c, 
  0x6c, 0xfe, 0x77, 0x17, 0x30, 0x47, 0x01, 0x11, 0x46, 0x46, 0xfe, 0x98, 0x01, 0xbf, 0x63, 0xf5, 
  0x87, 0x6c, 0x01, 0x91, 0x6c, 0xa9, 0x67, 0xf6, 0x62, 0x24, 0x13, 0x24, 0x35, 0x35, 0x37, 0x02, 
  0x31, 0x6c, 0xfe, 0x82, 0x01, 0xbf, 0x61, 0xf8, 0x01, 0x59, 0xfe, 0x41, 0x61, 0xf7, 0x00, 0x00, 
  0x00, 0x02, 0x01, 0x51, 0x00, 0xa3, 0x01, 0xcf, 0x02, 0x49, 0x00, 0x03, 0x00, 0x07, 0x00, 0x00, 
  0x01, 0x33, 0x15, 0x23, 0x11, 0x33, 0x15, 0x23, 0x01, 0x51, 0x7e, 0x7e, 0x7e, 0x7e, 0x01, 0x20, 
  0x7d, 0x01, 0xa6, 0x80, 0x00, 0x04, 0x01, 0x50, 0x00, 0x22, 0x01, 0xd0, 0x02, 0x52, 0x00, 0x0c, 
  0x00, 0x10, 0x00, 0x15, 0x00, 0x1a, 0x00, 0x00, 0x01, 0x33, 0x15, 0x23, 0x15, 0x33, 0x06, 0x07, 
  0x06, 0x23, 0x22, 0x27, 0x23, 0x11, 0x33, 0x15, 0x23, 0x17, 0x30, 0x33, 0x35, 0x23, 0x1d, 0x01, 
  0x23, 0x3e, 0x01, 0x01, 0x50, 0x7f, 0x7e, 0x6e, 0x2c, 0x28, 0x0e, 0x02, 0x07, 0x03, 0x01, 0x7f, 
  0x7f, 0x7f, 0x01, 0x01, 0x10, 0x06, 0x04, 0x01, 0x49, 0x74, 0x0b, 0x20, 0x68, 0x20, 0xa8, 0x01, 
  0x88, 0x80, 0xfe, 0x01, 0x01, 0x0a, 0x03, 0x04, 0x00, 0x05, 0x00, 0xa0, 0xff, 0x2b, 0x02, 0x80, 
  0x03, 0x23, 0x00, 0x03, 0x00, 0x07, 0x00, 0x0f, 0x00, 0x13, 0x00, 0x17, 0x00, 0x00, 0x17, 0x37, 
  0x33, 0x17, 0x01, 0x17, 0x15, 0x07, 0x13, 0x2e, 0x01, 0x27, 0x37, 0x21, 0x17, 0x07, 0x01, 0x21, 
  0x07, 0x23, 0x03, 0x11, 0x17, 0x15, 0xc0, 0x67, 0xf7, 0x62, 0xfe, 0x23, 0x6b, 0x6b, 0x73, 0x0e, 
  0x2f, 0x09, 0x46, 0x01, 0x11, 0x46, 0x46, 0xfe, 0x98, 0x01, 0xbe, 0x61, 0xf7, 0x85, 0x6b, 0xd5, 
  0x6c, 0x6c, 0x01, 0xeb, 0x68, 0xf5, 0x62, 0x01, 0x9b, 0x0b, 0x25, 0x07, 0x35, 0x35, 0x37, 0x02, 
  0x31, 0x6c, 0xfe, 0x82, 0x01, 0xbf, 0x61, 0xf8, 0x00, 0x06, 0x00, 0x90, 0xff, 0x2b, 0x02, 0x90, 
  0x03, 0x23, 0x00, 0x03, 0x00, 0x07, 0x00, 0x0b, 0x00, 0x12, 0x00, 0x16, 0x00, 0x1a, 0x00, 0x00, 
  0x17, 0x37, 0x33, 0x17, 0x01, 0x17, 0x15, 0x07, 0x21, 0x27, 0x35, 0x37, 0x05, 0x26, 0x27, 0x37, 
  0x21, 0x17, 0x07, 0x01, 0x21, 0x07, 0x23, 0x03, 0x11, 0x17, 0x15, 0xb1, 0x67, 0xf7, 0x61, 0xfe, 
  0x23, 0x6c, 0x6c, 0x01, 0xfd, 0x6c, 0x6c, 0xfe, 0x77, 0x17, 0x30, 0x47, 0x01, 0x11, 0x46, 0x46, 
  0xfe, 0x98, 0x01, 0xbf, 0x63, 0xf5, 0x87, 0x6c, 0xd5, 0x6c, 0x6c, 0x01, 0xeb, 0x68, 0xf5, 0x62, 
  0x67, 0xf6, 0x62, 0x24, 0x13, 0x24, 0x35, 0x35, 0x37, 0x02, 0x31, 0x6c, 0xfe, 0x82, 0x01, 0xbf, 
  0x61, 0xf8, 0x00, 0x00, 0x00, 0x08, 0x00, 0x9c, 0xff, 0x57, 0x02, 0x83, 0x02, 0xf8, 0x00, 0x03, 
  0x00, 0x0e, 0x00, 0x18, 0x00, 0x1c, 0x00, 0x23, 0x00, 0x27, 0x00, 0x32, 0x00, 0x41, 0x00, 0x00, 
  0x25, 0x15, 0x07, 0x11, 0x05, 0x30, 0x17, 0x16, 0x17, 0x16, 0x17, 0x14, 0x33, 0x1f, 0x01, 0x03, 
  0x37, 0x36, 0x37, 0x36, 0x3f, 0x01, 0x36, 0x35, 0x37, 0x01, 0x17, 0x15, 0x07, 0x13, 0x26, 0x27, 
  0x37, 0x33, 0x17, 0x07, 0x27, 0x11, 0x17, 0x15, 0x17, 0x33, 0x1e, 0x01, 0x17, 0x07, 0x2f, 0x01, 
  0x26, 0x35, 0x27, 0x03, 0x3f, 0x01, 0x36, 0x37, 0x36, 0x3f, 0x01, 0x36, 0x35, 0x37, 0x17, 0x0e, 
  0x01, 0x07, 0x01, 0x09, 0x6b, 0x01, 0x3c, 0x02, 0x02, 0x02, 0x05, 0x01, 0x01, 0x01, 0x92, 0xa0, 
  0x02, 0x02, 0x02, 0x05, 0x01, 0x01, 0x01, 0x92, 0xfe, 0x24, 0x6b, 0x6b, 0x73, 0x03, 0x41, 0x44, 
  0x05, 0x45, 0x45, 0x7a, 0x6b, 0x3c, 0x95, 0x29, 0x6a, 0x18, 0x09, 0x92, 0x01, 0x01, 0x0c, 0x97, 
  0x97, 0x02, 0x02, 0x02, 0x05, 0x01, 0x01, 0x01, 0x92, 0x09, 0x18, 0x6a, 0x29, 0x96, 0xdd, 0x62, 
  0x01, 0xbf, 0xf3, 0x01, 0x02, 0x02, 0x05, 0x02, 0x01, 0x02, 0x96, 0x02, 0xb0, 0x02, 0x01, 0x02, 
  0x05, 0x02, 0x01, 0x01, 0x01, 0x96, 0xfe, 0x43, 0x68, 0xf5, 0x62, 0x01, 0x9b, 0x02, 0x35, 0x35, 
  0x35, 0x37, 0x47, 0x01, 0xbf, 0x61, 0xf8, 0xde, 0x29, 0x72, 0x18, 0x90, 0x96, 0x01, 0x01, 0x01, 
  0x0c, 0x01, 0x6d, 0x9e, 0x02, 0x01, 0x02, 0x05, 0x02, 0x01, 0x01, 0x01, 0x96, 0x90, 0x18, 0x72, 
  0x29, 0x00, 0x00, 0x00, 0x00, 0x06, 0x00, 0x56, 0xff, 0x57, 0x02, 0xca, 0x03, 0x03, 0x00, 0x03, 
  0x00, 0x07, 0x00, 0x0e, 0x00, 0x12, 0x00, 0x16, 0x00, 0x1d, 0x00, 0x00, 0x13, 0x17, 0x15, 0x07, 
  0x21, 0x27, 0x35, 0x37, 0x01, 0x17, 0x2f, 0x02, 0x1f, 0x01, 0x01, 0x11, 0x17, 0x15, 0x25, 0x11, 
  0x27, 0x35, 0x07, 0x3f, 0x02, 0x0f, 0x02, 0x65, 0x6c, 0x6c, 0x02, 0x61, 0x6c, 0x6c, 0xfe, 0xb9, 
  0x05, 0x57, 0xc9, 0x0e, 0x57, 0xc9, 0xfe, 0xed, 0x6c, 0x01, 0xf5, 0x6c, 0xb7, 0x09, 0xc9, 0x57, 
  0x0e, 0xc9, 0x57, 0x01, 0x16, 0x68, 0xf5, 0x62, 0x67, 0xf6, 0x62, 0x01, 0x00, 0x2c, 0x08, 0xbb, 
  0x56, 0x08, 0xb9, 0xfe, 0xf7, 0x01, 0x47, 0x62, 0x7f, 0xe1, 0xfe, 0xb9, 0x61, 0x7f, 0x03, 0x2c, 
  0xb9, 0x08, 0x56, 0xbb, 0x08, 0x00, 0x00, 0x00, 0x00, 0x05, 0x00, 0x91, 0xff, 0x57, 0x02, 0x8f, 
  0x03, 0x23, 0x00, 0x03, 0x00, 0x0a, 0x00, 0x0e, 0x00, 0x12, 0x00, 0x16, 0x00, 0x00, 0x13, 0x17, 
  0x15, 0x07, 0x13, 0x26, 0x27, 0x37, 0x21, 0x17, 0x07, 0x01, 0x21, 0x07, 0x23, 0x03, 0x11, 0x17, 
  0x15, 0x01, 0x11, 0x27, 0x35, 0x94, 0x6c, 0x6c, 0x73, 0x26, 0x20, 0x46, 0x01, 0x12, 0x46, 0x46, 
  0xfe, 0x98, 0x01, 0xbe, 0x61, 0xf7, 0x86, 0x6c, 0x01, 0x92, 0x6c, 0x01, 0x16, 0x68, 0xf5, 0x62, 
  0x01, 0x9b, 0x1f, 0x18, 0x35, 0x35, 0x37, 0x02, 0x31, 0x6c, 0xfe, 0x82, 0x01, 0xbf, 0x61, 0xf8, 
  0x01, 0x59, 0xfe, 0x41, 0x61, 0xf7, 0x00, 0x00, 0x00, 0x02, 0x00, 0x17, 0xff, 0x57, 0x03, 0x09, 
  0x03, 0x34, 0x00, 0x03, 0x00, 0x0f, 0x00, 0x00, 0x05, 0x27, 0x35, 0x37, 0x01, 0x26, 0x27, 0x37, 
  0x21, 0x17, 0x07, 0x23, 0x11, 0x27, 0x35, 0x37, 0x01, 0xc7, 0x6c, 0x6c, 0xfe, 0x96, 0x0e, 0x38, 
  0x46, 0x02, 0x66, 0x46, 0x46, 0xff, 0x6c, 0x3b, 0xa9, 0x67, 0xf6, 0x62, 0x01, 0xb3, 0x0c, 0x29, 
  0x36, 0x36, 0x35, 0xfe, 0x70, 0x61, 0xf7, 0x38, 0x00, 0x00, 0x00, 0x12, 0x00, 0xde, 0x00, 0x01, 
  0x00, 0x00, 0x00, 0x00, 0x00, 0x00, 0x00, 0x6a, 0x00, 0xd6, 0x00, 0x01, 0x00, 0x00, 0x00, 0x00, 
  0x00, 0x01, 0x00, 0x0f, 0x01, 0x61, 0x00, 0x01, 0x00, 0x00, 0x00, 0x00, 0x00, 0x02, 0x00, 0x07, 
  0x01, 0x81, 0x00, 0x01, 0x00, 0x00, 0x00, 0x00, 0x00, 0x03, 0x00, 0x2a, 0x01, 0xdf, 0x00, 0x01, 
  0x00, 0x00, 0x00, 0x00, 0x00, 0x04, 0x00, 0x0f, 0x02, 0x2a, 0x00, 0x01, 0x00, 0x00, 0x00, 0x00, 
  0x00, 0x05, 0x00, 0x0f, 0x02, 0x5a, 0x00, 0x01, 0x00, 0x00, 0x00, 0x00, 0x00, 0x06, 0x00, 0x16, 
  0x02, 0x98, 0x00, 0x01, 0x00, 0x00, 0x00, 0x00, 0x00, 0x0d, 0x00, 0x4c, 0x03, 0x49, 0x00, 0x01, 
  0x00, 0x00, 0x00, 0x00, 0x00, 0x0e, 0x00, 0x1a, 0x03, 0xcc, 0x00, 0x03, 0x00, 0x01, 0x04, 0x09, 
  0x00, 0x00, 0x00, 0xd4, 0x00, 0x00, 0x00, 0x03, 0x00, 0x01, 0x04, 0x09, 0x00, 0x01, 0x00, 0x1e, 
  0x01, 0x41, 0x00, 0x03, 0x00, 0x01, 0x04, 0x09, 0x00, 0x02, 0x00, 0x0e, 0x01, 0x71, 0x00, 0x03, 
  0x00, 0x01, 0x04, 0x09, 0x00, 0x03, 0x00, 0x54, 0x01, 0x89, 0x00, 0x03, 0x00, 0x01, 0x04, 0x09, 
  0x00, 0x04, 0x00, 0x1e, 0x02, 0x0a, 0x00, 0x03, 0x00, 0x01, 0x04, 0x09, 0x00, 0x05, 0x00, 0x1e, 
  0x02, 0x3a, 0x00, 0x03, 0x00, 0x01, 0x04, 0x09, 0x00, 0x06, 0x00, 0x2c, 0x02, 0x6a, 0x00, 0x03, 
  0x00, 0x01, 0x04, 0x09, 0x00, 0x0d, 0x00, 0x98, 0x02, 0xaf, 0x00, 0x03, 0x00, 0x01, 0x04, 0x09, 
  0x00, 0x0e, 0x00, 0x34, 0x03, 0x96, 0x00, 0x43, 0x00, 0x6f, 0x00, 0x70, 0x00, 0x79, 0x00, 0x72, 
  0x00, 0x69, 0x00, 0x67, 0x00, 0x68, 0x00, 0x74, 0x00, 0x20, 0x00, 0x28, 0x00, 0x63, 0x00, 0x29, 
  0x00, 0x20, 0x00, 0x32, 0x00, 0x30, 0x00, 0x31, 0x00, 0x35, 0x00, 0x2c, 0x00, 0x20, 0x00, 0x53, 
  0x00, 0x74, 0x00, 0x65, 0x00, 0x70, 0x00, 0x68, 0x00, 0x61, 0x00, 0x6e, 0x00, 0x20, 0x00, 0x41, 
  0x00, 0x68, 0x00, 0x6c, 0x00, 0x66, 0x00, 0x20, 0x00, 0x28, 0x00, 0x68, 0x00, 0x74, 0x00, 0x74, 
  0x00, 0x70, 0x00, 0x73, 0x00, 0x3a, 0x00, 0x2f, 0x00, 0x2f, 0x00, 0x67, 0x00, 0x69, 0x00, 0x74, 
  0x00, 0x68, 0x00, 0x75, 0x00, 0x62, 0x00, 0x2e, 0x00, 0x63, 0x00, 0x6f, 0x00, 0x6d, 0x00, 0x2f, 
  0x00, 0x73, 0x00, 0x2d, 0x00, 0x61, 0x00, 0x2f, 0x00, 0x64, 0x00, 0x69, 0x00, 0x67, 0x00, 0x69, 
  0x00, 0x74, 0x00, 0x61, 0x00, 0x6c, 0x00, 0x2d, 0x00, 0x6e, 0x00, 0x75, 0x00, 0x6d, 0x00, 0x62, 
  0x00, 0x65, 0x00, 0x72, 0x00, 0x73, 0x00, 0x2d, 0x00, 0x66, 0x00, 0x6f, 0x00, 0x6e, 0x00, 0x74, 
  0x00, 0x20, 0x00, 0x73, 0x00, 0x74, 0x00, 0x65, 0x00, 0x70, 0x00, 0x68, 0x00, 0x61, 0x00, 0x6e, 
  0x00, 0x2e, 0x00, 0x61, 0x00, 0x68, 0x00, 0x6c, 0x00, 0x66, 0x00, 0x40, 0x00, 0x67, 0x00, 0x6f, 
  0x00, 0x6f, 0x00, 0x67, 0x00, 0x6c, 0x00, 0x65, 0x00, 0x6d, 0x00, 0x61, 0x00, 0x69, 0x00, 0x6c, 
  0x00, 0x2e, 0x00, 0x63, 0x00, 0x6f, 0x00, 0x6d, 0x00, 0x29, 0x00, 0x00, 0x43, 0x6f, 0x70, 0x79, 
  0x72, 0x69, 0x67, 0x68, 0x74, 0x20, 0x28, 0x63, 0x29, 0x20, 0x32, 0x30, 0x31, 0x35, 0x2c, 0x20, 
  0x53, 0x74, 0x65, 0x70, 0x68, 0x61, 0x6e, 0x20, 0x41, 0x68, 0x6c, 0x66, 0x20, 0x28, 0x68, 0x74, 
  0x74, 0x70, 0x73, 0x3a, 0x2f, 0x2f, 0x67, 0x69, 0x74, 0x68, 0x75, 0x62, 0x2e, 0x63, 0x6f, 0x6d, 
  0x2f, 0x73, 0x2d, 0x61, 0x2f, 0x64, 0x69, 0x67, 0x69, 0x74, 0x61, 0x6c, 0x2d, 0x6e, 0x75, 0x6d, 
  0x62, 0x65, 0x72, 0x73, 0x2d, 0x66, 0x6f, 0x6e, 0x74, 0x20, 0x73, 0x74, 0x65, 0x70, 0x68, 0x61, 
  0x6e, 0x2e, 0x61, 0x68, 0x6c, 0x66, 0x40, 0x67, 0x6f, 0x6f, 0x67, 0x6c, 0x65, 0x6d, 0x61, 0x69, 
  0x6c, 0x2e, 0x63, 0x6f, 0x6d, 0x29, 0x00, 0x00, 0x44, 0x00, 0x69, 0x00, 0x67, 0x00, 0x69, 0x00, 
  0x74, 0x00, 0x61, 0x00, 0x6c, 0x00, 0x20, 0x00, 0x4e, 0x00, 0x75, 0x00, 0x6d, 0x00, 0x62, 0x00, 
  0x65, 0x00, 0x72, 0x00, 0x73, 0x00, 0x00, 0x44, 0x69, 0x67, 0x69, 0x74, 0x61, 0x6c, 0x20, 0x4e, 
  0x75, 0x6d, 0x62, 0x65, 0x72, 0x73, 0x00, 0x00, 0x52, 0x00, 0x65, 0x00, 0x67, 0x00, 0x75, 0x00, 
  0x6c, 0x00, 0x61, 0x00, 0x72, 0x00, 0x00, 0x52, 0x65, 0x67, 0x75, 0x6c, 0x61, 0x72, 0x00, 0x00, 
  0x46, 0x00, 0x6f, 0x00, 0x6e, 0x00, 0x74, 0x00, 0x46, 0x00, 0x6f, 0x00, 0x72, 0x00, 0x67, 0x00, 
  0x65, 0x00, 0x20, 0x00, 0x32, 0x00, 0x2e, 0x00, 0x30, 0x00, 0x20, 0x00, 0x3a, 0x00, 0x20, 0x00, 
  0x44, 0x00, 0x69, 0x00, 0x67, 0x00, 0x69, 0x00, 0x74, 0x00, 0x61, 0x00, 0x6c, 0x00, 0x20, 0x00, 
  0x4e, 0x00, 0x75, 0x00, 0x6d, 0x00, 0x62, 0x00, 0x65, 0x00, 0x72, 0x00, 0x73, 0x00, 0x20, 0x00, 
  0x3a, 0x00, 0x20, 0x00, 0x36, 0x00, 0x2d, 0x00, 0x36, 0x00, 0x2d, 0x00, 0x32, 0x00, 0x30, 0x00, 
  0x31, 0x00, 0x35, 0x00, 0x00, 0x46, 0x6f, 0x6e, 0x74, 0x46, 0x6f, 0x72, 0x67, 0x65, 0x20, 0x32, 
  0x2e, 0x30, 0x20, 0x3a, 0x20, 0x44, 0x69, 0x67, 0x69, 0x74, 0x61, 0x6c, 0x20, 0x4e, 0x75, 0x6d, 
  0x62, 0x65, 0x72, 0x73, 0x20, 0x3a, 0x20, 0x36, 0x2d, 0x36, 0x2d, 0x32, 0x30, 0x31, 0x35, 0x00, 
  0x00, 0x44, 0x00, 0x69, 0x00, 0x67, 0x00, 0x69, 0x00, 0x74, 0x00, 0x61, 0x00, 0x6c, 0x00, 0x20, 
  0x00, 0x4e, 0x00, 0x75, 0x00, 0x6d, 0x00, 0x62, 0x00, 0x65, 0x00, 0x72, 0x00, 0x73, 0x00, 0x00, 
  0x44, 0x69, 0x67, 0x69, 0x74, 0x61, 0x6c, 0x20, 0x4e, 0x75, 0x6d, 0x62, 0x65, 0x72, 0x73, 0x00, 
  0x00, 0x56, 0x00, 0x65, 0x00, 0x72, 0x00, 0x73, 0x00, 0x69, 0x00, 0x6f, 0x00, 0x6e, 0x00, 0x20, 
  0x00, 0x30, 0x00, 0x30, 0x00, 0x31, 0x00, 0x2e, 0x00, 0x31, 0x00, 0x30, 0x00, 0x32, 0x00, 0x00, 
  0x56, 0x65, 0x72, 0x73, 0x69, 0x6f, 0x6e, 0x20, 0x30, 0x30, 0x31, 0x2e, 0x31, 0x30, 0x32, 0x00, 
  0x00, 0x44, 0x00, 0x69, 0x00, 0x67, 0x00, 0x69, 0x00, 0x74, 0x00, 0x61, 0x00, 0x6c, 0x00, 0x4e, 
  0x00, 0x75, 0x00, 0x6d, 0x00, 0x62, 0x00, 0x65, 0x00, 0x72, 0x00, 0x73, 0x00, 0x2d, 0x00, 0x52, 
  0x00, 0x65, 0x00, 0x67, 0x00, 0x75, 0x00, 0x6c, 0x00, 0x61, 0x00, 0x72, 0x00, 0x00, 0x44, 0x69, 
  0x67, 0x69, 0x74, 0x61, 0x6c, 0x4e, 0x75, 0x6d, 0x62, 0x65, 0x72, 0x73, 0x2d, 0x52, 0x65, 0x67, 
  0x75, 0x6c, 0x61, 0x72, 0x00, 0x00, 0x54, 0x00, 0x68, 0x00, 0x69, 0x00, 0x73, 0x00, 0x20, 0x00, 
  0x46, 0x00, 0x6f, 0x00, 0x6e, 0x00, 0x74, 0x00, 0x20, 0x00, 0x53, 0x00, 0x6f, 0x00, 0x66, 0x00, 
  0x74, 0x00, 0x77, 0x00, 0x61, 0x00, 0x72, 0x00, 0x65, 0x00, 0x20, 0x00, 0x69, 0x00, 0x73, 0x00, 
  0x20, 0x00, 0x6c, 0x00, 0x69, 0x00, 0x63, 0x00, 0x65, 0x00, 0x6e, 0x00, 0x73, 0x00, 0x65, 0x00, 
  0x64, 0x00, 0x20, 0x00, 0x75, 0x00, 0x6e, 0x00, 0x64, 0x00, 0x65, 0x00, 0x72, 0x00, 0x20, 0x00, 
  0x74, 0x00, 0x68, 0x00, 0x65, 0x00, 0x20, 0x00, 0x53, 0x00, 0x49, 0x00, 0x4c, 0x00, 0x20, 0x00, 
  0x4f, 0x00, 0x70, 0x00, 0x65, 0x00, 0x6e, 0x00, 0x20, 0x00, 0x46, 0x00, 0x6f, 0x00, 0x6e, 0x00, 
  0x74, 0x00, 0x20, 0x00, 0x4c, 0x00, 0x69, 0x00, 0x63, 0x00, 0x65, 0x00, 0x6e, 0x00, 0x73, 0x00, 
  0x65, 0x00, 0x2c, 0x00, 0x20, 0x00, 0x56, 0x00, 0x65, 0x00, 0x72, 0x00, 0x73, 0x00, 0x69, 0x00, 
  0x6f, 0x00, 0x6e, 0x00, 0x20, 0x00, 0x31, 0x00, 0x2e, 0x00, 0x31, 0x00, 0x2e, 0x00, 0x00, 0x54, 
  0x68, 0x69, 0x73, 0x20, 0x46, 0x6f, 0x6e, 0x74, 0x20, 0x53, 0x6f, 0x66, 0x74, 0x77, 0x61, 0x72, 
  0x65, 0x20, 0x69, 0x73, 0x20, 0x6c, 0x69, 0x63, 0x65, 0x6e, 0x73, 0x65, 0x64, 0x20, 0x75, 0x6e, 
  0x64, 0x65, 0x72, 0x20, 0x74, 0x68, 0x65, 0x20, 0x53, 0x49, 0x4c, 0x20, 0x4f, 0x70, 0x65, 0x6e, 
  0x20, 0x46, 0x6f, 0x6e, 0x74, 0x20, 0x4c, 0x69, 0x63, 0x65, 0x6e, 0x73, 0x65, 0x2c, 0x20, 0x56, 
  0x65, 0x72, 0x73, 0x69, 0x6f, 0x6e, 0x20, 0x31, 0x2e, 0x31, 0x2e, 0x00, 0x00, 0x68, 0x00, 0x74, 
  0x00, 0x74, 0x00, 0x70, 0x00, 0x3a, 0x00, 0x2f, 0x00, 0x2f, 0x00, 0x73, 0x00, 0x63, 0x00, 0x72, 
  0x00, 0x69, 0x00, 0x70, 0x00, 0x74, 0x00, 0x73, 0x00, 0x2e, 0x00, 0x73, 0x00, 0x69, 0x00, 0x6c, 
  0x00, 0x2e, 0x00, 0x6f, 0x00, 0x72, 0x00, 0x67, 0x00, 0x2f, 0x00, 0x4f, 0x00, 0x46, 0x00, 0x4c, 
  0x00, 0x00, 0x68, 0x74, 0x74, 0x70, 0x3a, 0x2f, 0x2f, 0x73, 0x63, 0x72, 0x69, 0x70, 0x74, 0x73, 
  0x2e, 0x73, 0x69, 0x6c, 0x2e, 0x6f, 0x72, 0x67, 0x2f, 0x4f, 0x46, 0x4c, 0x00, 0x00, 0x00, 0x00, 
  0x00, 0x02, 0x00, 0x00, 0x00, 0x00, 0x00, 0x00, 0xff, 0x83, 0x00, 0x32, 0x00, 0x00, 0x00, 0x00, 
  0x00, 0x00, 0x00, 0x00, 0x00, 0x00, 0x00, 0x00, 0x00, 0x00, 0x00, 0x00, 0x00, 0x00, 0x00, 0x00, 
  0x00, 0x18, 0x00, 0x00, 0x00, 0x01, 0x00, 0x02, 0x00, 0x03, 0x00, 0x0f, 0x00, 0x11, 0x00, 0x13, 
  0x00, 0x14, 0x00, 0x15, 0x00, 0x16, 0x00, 0x17, 0x00, 0x18, 0x00, 0x19, 0x00, 0x1a, 0x00, 0x1b, 
  0x00, 0x1c, 0x00, 0x1d, 0x00, 0x1e, 0x00, 0x28, 0x00, 0x2a, 0x00, 0x2e, 0x00, 0x30, 0x00, 0x33, 
  0x00, 0x37, 0x00, 0x00, 0x00, 0x00, 0x00, 0x01, 0xff, 0xff, 0x00, 0x02, 0x00, 0x00, 0x00, 0x01, 
  0x00, 0x00, 0x00, 0x00, 0xda, 0x32, 0xf0, 0x84, 0x00, 0x00, 0x00, 0x00, 0xd1, 0x98, 0x6e, 0xf9, 
  0x00, 0x00, 0x00, 0x00, 0xe0, 0xf3, 0xcd, 0x87
};

const uint8_t DSEG7_Classic_Bold_32Bitmaps[] PROGMEM = {

	// Bitmap Data:
	0x00, // ' '
	0x00, // '!'
	0xFF,0x81,0x81,0x81,0x81,0x81,0x81,0x81,0x81,0x81,0x81,0x81,0x81,0x81,0x81,0x81,0x81,0x81,0x81,0x81,0xFF, // '"'
	0xFF,0x81,0x81,0x81,0x81,0x81,0x81,0x81,0x81,0x81,0x81,0x81,0x81,0x81,0x81,0x81,0x81,0x81,0x81,0x81,0xFF, // '#'
	0xFF,0x81,0x81,0x81,0x81,0x81,0x81,0x81,0x81,0x81,0x81,0x81,0x81,0x81,0x81,0x81,0x81,0x81,0x81,0x81,0xFF, // '$'
	0xFF,0x81,0x81,0x81,0x81,0x81,0x81,0x81,0x81,0x81,0x81,0x81,0x81,0x81,0x81,0x81,0x81,0x81,0x81,0x81,0xFF, // '%'
	0xFF,0x81,0x81,0x81,0x81,0x81,0x81,0x81,0x81,0x81,0x81,0x81,0x81,0x81,0x81,0x81,0x81,0x81,0x81,0x81,0xFF, // '&'
	0xFF,0x81,0x81,0x81,0x81,0x81,0x81,0x81,0x81,0x81,0x81,0x81,0x81,0x81,0x81,0x81,0x81,0x81,0x81,0x81,0xFF, // '''
	0xFF,0x81,0x81,0x81,0x81,0x81,0x81,0x81,0x81,0x81,0x81,0x81,0x81,0x81,0x81,0x81,0x81,0x81,0x81,0x81,0xFF, // '('
	0xFF,0x81,0x81,0x81,0x81,0x81,0x81,0x81,0x81,0x81,0x81,0x81,0x81,0x81,0x81,0x81,0x81,0x81,0x81,0x81,0xFF, // ')'
	0xFF,0x81,0x81,0x81,0x81,0x81,0x81,0x81,0x81,0x81,0x81,0x81,0x81,0x81,0x81,0x81,0x81,0x81,0x81,0x81,0xFF, // '*'
	0xFF,0x81,0x81,0x81,0x81,0x81,0x81,0x81,0x81,0x81,0x81,0x81,0x81,0x81,0x81,0x81,0x81,0x81,0x81,0x81,0xFF, // '+'
	0xFF,0x81,0x81,0x81,0x81,0x81,0x81,0x81,0x81,0x81,0x81,0x81,0x81,0x81,0x81,0x81,0x81,0x81,0x81,0x81,0xFF, // ','
	0x7F,0xFB,0xFF,0xFF,0xFF,0xDF,0xFE, // '-'
	0x6F,0xF6, // '.'
	0xFF,0x81,0x81,0x81,0x81,0x81,0x81,0x81,0x81,0x81,0x81,0x81,0x81,0x81,0x81,0x81,0x81,0x81,0x81,0x81,0xFF, // '/'
	0x3F,0xFF,0xC3,0xFF,0xFC,0xDF,0xFF,0xBE,0xFF,0xF7,0xF0,0x00,0xFF,0x00,0x0F,0xF0,0x00,0xFF,0x00,0x0F,0xF0,0x00,0xFF,0x00,0x0F,0xF0,0x00,0xFF,0x00,0x0F,0xF0,0x00,0xFF,0x00,0x0F,0xE0,0x00,0x7C,0x00,0x03,0xC0,0x00,0x3E,0x00,0x07,0xF0,0x00,0xFF,0x00,0x0F,0xF0,0x00,0xFF,0x00,0x0F,0xF0,0x00,0xFF,0x00,0x0F,0xF0,0x00,0xFF,0x00,0x0F,0xF0,0x00,0xFF,0x00,0x0F,0xEF,0xFF,0x7D,0xFF,0xFB,0x3F,0xFF,0xC3,0xFF,0xFC, // '0'
	0x03,0x7F,0xFF,0xFF,0xFF,0xFF,0xF7,0x33,0x7F,0xFF,0xFF,0xFF,0xFF,0xF7,0x30, // '1'
	0x3F,0xFF,0xC3,0xFF,0xFC,0x1F,0xFF,0xB0,0xFF,0xF7,0x00,0x00,0xF0,0x00,0x0F,0x00,0x00,0xF0,0x00,0x0F,0x00,0x00,0xF0,0x00,0x0F,0x00,0x00,0xF0,0x00,0x0F,0x00,0x00,0xF0,0x00,0x0F,0x0F,0xFF,0x71,0xFF,0xFB,0xDF,0xFF,0x8E,0xFF,0xF0,0xF0,0x00,0x0F,0x00,0x00,0xF0,0x00,0x0F,0x00,0x00,0xF0,0x00,0x0F,0x00,0x00,0xF0,0x00,0x0F,0x00,0x00,0xF0,0x00,0x0F,0x00,0x00,0xEF,0xFF,0x0D,0xFF,0xF8,0x3F,0xFF,0xC3,0xFF,0xFC, // '2'
	0xFF,0xFF,0x3F,0xFF,0xC7,0xFF,0xEC,0xFF,0xF7,0x00,0x03,0xC0,0x00,0xF0,0x00,0x3C,0x00,0x0F,0x00,0x03,0xC0,0x00,0xF0,0x00,0x3C,0x00,0x0F,0x00,0x03,0xC0,0x00,0xF3,0xFF,0xDD,0xFF,0xFB,0x7F,0xFE,0xCF,0xFF,0x70,0x00,0x3C,0x00,0x0F,0x00,0x03,0xC0,0x00,0xF0,0x00,0x3C,0x00,0x0F,0x00,0x03,0xC0,0x00,0xF0,0x00,0x3C,0x00,0x0F,0x3F,0xFD,0xDF,0xFF,0xBF,0xFF,0xF3,0xFF,0xFC, // '3'
	0x00,0x00,0x0C,0x00,0x03,0xE0,0x00,0x7F,0x00,0x0F,0xF0,0x00,0xFF,0x00,0x0F,0xF0,0x00,0xFF,0x00,0x0F,0xF0,0x00,0xFF,0x00,0x0F,0xF0,0x00,0xFF,0x00,0x0F,0xF0,0x00,0xFE,0xFF,0xF7,0xDF,0xFF,0xB1,0xFF,0xFB,0x0F,0xFF,0x70,0x00,0x0F,0x00,0x00,0xF0,0x00,0x0F,0x00,0x00,0xF0,0x00,0x0F,0x00,0x00,0xF0,0x00,0x0F,0x00,0x00,0xF0,0x00,0x0F,0x00,0x00,0xF0,0x00,0x07,0x00,0x00,0x30,0x00,0x00, // '4'
	0x3F,0xFF,0xC3,0xFF,0xFC,0xDF,0xFF,0x8E,0xFF,0xF0,0xF0,0x00,0x0F,0x00,0x00,0xF0,0x00,0x0F,0x00,0x00,0xF0,0x00,0x0F,0x00,0x00,0xF0,0x00,0x0F,0x00,0x00,0xF0,0x00,0x0F,0x00,0x00,0xEF,0xFF,0x0D,0xFF,0xF8,0x1F,0xFF,0xB0,0xFF,0xF7,0x00,0x00,0xF0,0x00,0x0F,0x00,0x00,0xF0,0x00,0x0F,0x00,0x00,0xF0,0x00,0x0F,0x00,0x00,0xF0,0x00,0x0F,0x00,0x00,0xF0,0x00,0x0F,0x0F,0xFF,0x71,0xFF,0xFB,0x3F,0xFF,0xC3,0xFF,0xFC, // '5'
	0x3F,0xFF,0xC3,0xFF,0xFC,0xDF,0xFF,0x8E,0xFF,0xF0,0xF0,0x00,0x0F,0x00,0x00,0xF0,0x00,0x0F,0x00,0x00,0xF0,0x00,0x0F,0x00,0x00,0xF0,0x00,0x0F,0x00,0x00,0xF0,0x00,0x0F,0x00,0x00,0xEF,0xFF,0x0D,0xFF,0xF8,0xDF,0xFF,0xBE,0xFF,0xF7,0xF0,0x00,0xFF,0x00,0x0F,0xF0,0x00,0xFF,0x00,0x0F,0xF0,0x00,0xFF,0x00,0x0F,0xF0,0x00,0xFF,0x00,0x0F,0xF0,0x00,0xFF,0x00,0x0F,0xEF,0xFF,0x7D,0xFF,0xFB,0x3F,0xFF,0xC3,0xFF,0xFC, // '6'
	0x3F,0xFF,0xC3,0xFF,0xFC,0xDF,0xFF,0xBE,0xFF,0xF7,0xF0,0x00,0xFF,0x00,0x0F,0xF0,0x00,0xFF,0x00,0x0F,0xF0,0x00,0xFF,0x00,0x0F,0xF0,0x00,0xFF,0x00,0x0F,0xF0,0x00,0xFF,0x00,0x0F,0xE0,0x00,0x7C,0x00,0x03,0x00,0x00,0x30,0x00,0x07,0x00,0x00,0xF0,0x00,0x0F,0x00,0x00,0xF0,0x00,0x0F,0x00,0x00,0xF0,0x00,0x0F,0x00,0x00,0xF0,0x00,0x0F,0x00,0x00,0xF0,0x00,0x0F,0x00,0x00,0x70,0x00,0x03,0x00,0x00,0x00, // '7'
	0x3F,0xFF,0xC3,0xFF,0xFC,0xDF,0xFF,0xBE,0xFF,0xF7,0xF0,0x00,0xFF,0x00,0x0F,0xF0,0x00,0xFF,0x00,0x0F,0xF0,0x00,0xFF,0x00,0x0F,0xF0,0x00,0xFF,0x00,0x0F,0xF0,0x00,0xFF,0x00,0x0F,0xEF,0xFF,0x7D,0xFF,0xFB,0xDF,0xFF,0xBE,0xFF,0xF7,0xF0,0x00,0xFF,0x00,0x0F,0xF0,0x00,0xFF,0x00,0x0F,0xF0,0x00,0xFF,0x00,0x0F,0xF0,0x00,0xFF,0x00,0x0F,0xF0,0x00,0xFF,0x00,0x0F,0xEF,0xFF,0x7D,0xFF,0xFB,0x3F,0xFF,0xC3,0xFF,0xFC, // '8'
	0x3F,0xFF,0xC3,0xFF,0xFC,0xDF,0xFF,0xBE,0xFF,0xF7,0xF0,0x00,0xFF,0x00,0x0F,0xF0,0x00,0xFF,0x00,0x0F,0xF0,0x00,0xFF,0x00,0x0F,0xF0,0x00,0xFF,0x00,0x0F,0xF0,0x00,0xFF,0x00,0x0F,0xEF,0xFF,0x7D,0xFF,0xFB,0x1F,0xFF,0xB0,0xFF,0xF7,0x00,0x00,0xF0,0x00,0x0F,0x00,0x00,0xF0,0x00,0x0F,0x00,0x00,0xF0,0x00,0x0F,0x00,0x00,0xF0,0x00,0x0F,0x00,0x00,0xF0,0x00,0x0F,0x0F,0xFF,0x71,0xFF,0xFB,0x3F,0xFF,0xC3,0xFF,0xFC, // '9'
	0x7F,0xF6,0x00,0x00,0x00,0x00,0x06,0xFF,0x70, // ':'
	0xFF,0x81,0x81,0x81,0x81,0x81,0x81,0x81,0x81,0x81,0x81,0x81,0x81,0x81,0x81,0x81,0x81,0x81,0x81,0x81,0xFF, // ';'
	0xFF,0x81,0x81,0x81,0x81,0x81,0x81,0x81,0x81,0x81,0x81,0x81,0x81,0x81,0x81,0x81,0x81,0x81,0x81,0x81,0xFF, // '<'
	0xFF,0x81,0x81,0x81,0x81,0x81,0x81,0x81,0x81,0x81,0x81,0x81,0x81,0x81,0x81,0x81,0x81,0x81,0x81,0x81,0xFF, // '='
	0xFF,0x81,0x81,0x81,0x81,0x81,0x81,0x81,0x81,0x81,0x81,0x81,0x81,0x81,0x81,0x81,0x81,0x81,0x81,0x81,0xFF, // '>'
	0xFF,0x81,0x81,0x81,0x81,0x81,0x81,0x81,0x81,0x81,0x81,0x81,0x81,0x81,0x81,0x81,0x81,0x81,0x81,0x81,0xFF, // '?'
	0xFF,0x81,0x81,0x81,0x81,0x81,0x81,0x81,0x81,0x81,0x81,0x81,0x81,0x81,0x81,0x81,0x81,0x81,0x81,0x81,0xFF, // '@'
	0x3F,0xFF,0xC3,0xFF,0xFC,0xDF,0xFF,0xBE,0xFF,0xF7,0xF0,0x00,0xFF,0x00,0x0F,0xF0,0x00,0xFF,0x00,0x0F,0xF0,0x00,0xFF,0x00,0x0F,0xF0,0x00,0xFF,0x00,0x0F,0xF0,0x00,0xFF,0x00,0x0F,0xEF,0xFF,0x7D,0xFF,0xFB,0xDF,0xFF,0xBE,0xFF,0xF7,0xF0,0x00,0xFF,0x00,0x0F,0xF0,0x00,0xFF,0x00,0x0F,0xF0,0x00,0xFF,0x00,0x0F,0xF0,0x00,0xFF,0x00,0x0F,0xF0,0x00,0xFF,0x00,0x0F,0xE0,0x00,0x7C,0x00,0x03,0x00,0x00,0x00, // 'A'
	0x00,0x00,0x0C,0x00,0x00,0xE0,0x00,0x0F,0x00,0x00,0xF0,0x00,0x0F,0x00,0x00,0xF0,0x00,0x0F,0x00,0x00,0xF0,0x00,0x0F,0x00,0x00,0xF0,0x00,0x0F,0x00,0x00,0xF0,0x00,0x0E,0xFF,0xF0,0xDF,0xFF,0x8D,0xFF,0xFB,0xEF,0xFF,0x7F,0x00,0x0F,0xF0,0x00,0xFF,0x00,0x0F,0xF0,0x00,0xFF,0x00,0x0F,0xF0,0x00,0xFF,0x00,0x0F,0xF0,0x00,0xFF,0x00,0x0F,0xF0,0x00,0xFE,0xFF,0xF7,0xDF,0xFF,0xB3,0xFF,0xFC,0x3F,0xFF,0xC0, // 'B'
	0x0F,0xFF,0x03,0xFF,0xF3,0x7F,0xFE,0x77,0xFF,0x8F,0x00,0x01,0xE0,0x00,0x3C,0x00,0x07,0x80,0x00,0xF0,0x00,0x1E,0x00,0x03,0xC0,0x00,0x78,0x00,0x0F,0x00,0x01,0xE0,0x00,0x3B,0xFF,0xC6,0xFF,0xFC,0x3F,0xFF,0xC7,0xFF,0xF8, // 'C'
	0x00,0x00,0x00,0x00,0x03,0x00,0x00,0x70,0x00,0x0F,0x00,0x00,0xF0,0x00,0x0F,0x00,0x00,0xF0,0x00,0x0F,0x00,0x00,0xF0,0x00,0x0F,0x00,0x00,0xF0,0x00,0x0F,0x00,0x00,0xF0,0xFF,0xF7,0x1F,0xFF,0xBD,0xFF,0xFB,0xEF,0xFF,0x7F,0x00,0x0F,0xF0,0x00,0xFF,0x00,0x0F,0xF0,0x00,0xFF,0x00,0x0F,0xF0,0x00,0xFF,0x00,0x0F,0xF0,0x00,0xFF,0x00,0x0F,0xF0,0x00,0xFE,0xFF,0xF7,0xDF,0xFF,0xB3,0xFF,0xFC,0x3F,0xFF,0xC0, // 'D'
	0x3F,0xFF,0xC7,0xFF,0xFB,0x7F,0xFE,0x77,0xFF,0x8F,0x00,0x01,0xE0,0x00,0x3C,0x00,0x07,0x80,0x00,0xF0,0x00,0x1E,0x00,0x03,0xC0,0x00,0x78,0x00,0x0F,0x00,0x01,0xE0,0x00,0x3B,0xFF,0xC6,0xFF,0xFC,0xDF,0xFF,0x9D,0xFF,0xE3,0xC0,0x00,0x78,0x00,0x0F,0x00,0x01,0xE0,0x00,0x3C,0x00,0x07,0x80,0x00,0xF0,0x00,0x1E,0x00,0x03,0xC0,0x00,0x78,0x00,0x0E,0xFF,0xF1,0xBF,0xFF,0x0F,0xFF,0xF1,0xFF,0xFE, // 'E'
	0x3F,0xFF,0xC7,0xFF,0xFB,0x7F,0xFE,0x77,0xFF,0x8F,0x00,0x01,0xE0,0x00,0x3C,0x00,0x07,0x80,0x00,0xF0,0x00,0x1E,0x00,0x03,0xC0,0x00,0x78,0x00,0x0F,0x00,0x01,0xE0,0x00,0x3B,0xFF,0xC6,0xFF,0xFC,0xDF,0xFF,0x9D,0xFF,0xE3,0xC0,0x00,0x78,0x00,0x0F,0x00,0x01,0xE0,0x00,0x3C,0x00,0x07,0x80,0x00,0xF0,0x00,0x1E,0x00,0x03,0xC0,0x00,0x78,0x00,0x0E,0x00,0x01,0x80,0x00,0x00,0x00,0x00, // 'F'
	0x3F,0xFF,0xC3,0xFF,0xFC,0xDF,0xFF,0x8E,0xFF,0xF0,0xF0,0x00,0x0F,0x00,0x00,0xF0,0x00,0x0F,0x00,0x00,0xF0,0x00,0x0F,0x00,0x00,0xF0,0x00,0x0F,0x00,0x00,0xF0,0x00,0x0F,0x00,0x00,0xE0,0x00,0x0C,0x00,0x00,0xC0,0x00,0x3E,0x00,0x07,0xF0,0x00,0xFF,0x00,0x0F,0xF0,0x00,0xFF,0x00,0x0F,0xF0,0x00,0xFF,0x00,0x0F,0xF0,0x00,0xFF,0x00,0x0F,0xF0,0x00,0xFF,0x00,0x0F,0xEF,0xFF,0x7D,0xFF,0xFB,0x3F,0xFF,0xC3,0xFF,0xFC, // 'G'
	0x00,0x00,0x0C,0x00,0x00,0xE0,0x00,0x0F,0x00,0x00,0xF0,0x00,0x0F,0x00,0x00,0xF0,0x00,0x0F,0x00,0x00,0xF0,0x00,0x0F,0x00,0x00,0xF0,0x00,0x0F,0x00,0x00,0xF0,0x00,0x0E,0xFF,0xF0,0xDF,0xFF,0x8D,0xFF,0xFB,0xEF,0xFF,0x7F,0x00,0x0F,0xF0,0x00,0xFF,0x00,0x0F,0xF0,0x00,0xFF,0x00,0x0F,0xF0,0x00,0xFF,0x00,0x0F,0xF0,0x00,0xFF,0x00,0x0F,0xF0,0x00,0xFE,0x00,0x07,0xC0,0x00,0x30,0x00,0x00, // 'H'
	0x37,0xFF,0xFF,0xFF,0xFF,0xFF,0x73,0x00, // 'I'
	0x00,0x00,0x00,0x00,0x03,0x00,0x00,0x70,0x00,0x0F,0x00,0x00,0xF0,0x00,0x0F,0x00,0x00,0xF0,0x00,0x0F,0x00,0x00,0xF0,0x00,0x0F,0x00,0x00,0xF0,0x00,0x0F,0x00,0x00,0xF0,0x00,0x07,0x00,0x00,0x3C,0x00,0x03,0xE0,0x00,0x7F,0x00,0x0F,0xF0,0x00,0xFF,0x00,0x0F,0xF0,0x00,0xFF,0x00,0x0F,0xF0,0x00,0xFF,0x00,0x0F,0xF0,0x00,0xFF,0x00,0x0F,0xF0,0x00,0xFE,0xFF,0xF7,0xDF,0xFF,0xB3,0xFF,0xFC,0x3F,0xFF,0xC0, // 'J'
	0x3F,0xFF,0xC3,0xFF,0xFC,0xDF,0xFF,0x8E,0xFF,0xF0,0xF0,0x00,0x0F,0x00,0x00,0xF0,0x00,0x0F,0x00,0x00,0xF0,0x00,0x0F,0x00,0x00,0xF0,0x00,0x0F,0x00,0x00,0xF0,0x00,0x0F,0x00,0x00,0xEF,0xFF,0x0D,0xFF,0xF8,0xDF,0xFF,0xBE,0xFF,0xF7,0xF0,0x00,0xFF,0x00,0x0F,0xF0,0x00,0xFF,0x00,0x0F,0xF0,0x00,0xFF,0x00,0x0F,0xF0,0x00,0xFF,0x00,0x0F,0xF0,0x00,0xFF,0x00,0x0F,0xE0,0x00,0x7C,0x00,0x03,0x00,0x00,0x00, // 'K'
	0x00,0x00,0x18,0x00,0x03,0x80,0x00,0x78,0x00,0x0F,0x00,0x01,0xE0,0x00,0x3C,0x00,0x07,0x80,0x00,0xF0,0x00,0x1E,0x00,0x03,0xC0,0x00,0x78,0x00,0x0F,0x00,0x01,0xC0,0x00,0x30,0x00,0x06,0x00,0x00,0xE0,0x00,0x1E,0x00,0x03,0xC0,0x00,0x78,0x00,0x0F,0x00,0x01,0xE0,0x00,0x3C,0x00,0x07,0x80,0x00,0xF0,0x00,0x1E,0x00,0x03,0xC0,0x00,0x77,0xFF,0x8D,0xFF,0xF8,0x7F,0xFF,0x8F,0xFF,0xF0, // 'L'
	0x3F,0xFF,0xC3,0xFF,0xFC,0xDF,0xFF,0xBE,0xFF,0xF7,0xF0,0x00,0xFF,0x00,0x0F,0xF0,0x00,0xFF,0x00,0x0F,0xF0,0x00,0xFF,0x00,0x0F,0xF0,0x00,0xFF,0x00,0x0F,0xF0,0x00,0xFF,0x00,0x0F,0xE0,0x00,0x7C,0x00,0x03,0xC0,0x00,0x3E,0x00,0x07,0xF0,0x00,0xFF,0x00,0x0F,0xF0,0x00,0xFF,0x00,0x0F,0xF0,0x00,0xFF,0x00,0x0F,0xF0,0x00,0xFF,0x00,0x0F,0xF0,0x00,0xFF,0x00,0x0F,0xE0,0x00,0x7C,0x00,0x03,0x00,0x00,0x00, // 'M'
	0x0F,0xFF,0x01,0xFF,0xF8,0xDF,0xFF,0xBE,0xFF,0xF7,0xF0,0x00,0xFF,0x00,0x0F,0xF0,0x00,0xFF,0x00,0x0F,0xF0,0x00,0xFF,0x00,0x0F,0xF0,0x00,0xFF,0x00,0x0F,0xF0,0x00,0xFF,0x00,0x0F,0xE0,0x00,0x7C,0x00,0x03,0x00,0x00,0x00, // 'N'
	0x0F,0xFF,0x01,0xFF,0xF8,0xDF,0xFF,0xBE,0xFF,0xF7,0xF0,0x00,0xFF,0x00,0x0F,0xF0,0x00,0xFF,0x00,0x0F,0xF0,0x00,0xFF,0x00,0x0F,0xF0,0x00,0xFF,0x00,0x0F,0xF0,0x00,0xFF,0x00,0x0F,0xEF,0xFF,0x7D,0xFF,0xFB,0x3F,0xFF,0xC3,0xFF,0xFC, // 'O'
	0x3F,0xFF,0xC3,0xFF,0xFC,0xDF,0xFF,0xBE,0xFF,0xF7,0xF0,0x00,0xFF,0x00,0x0F,0xF0,0x00,0xFF,0x00,0x0F,0xF0,0x00,0xFF,0x00,0x0F,0xF0,0x00,0xFF,0x00,0x0F,0xF0,0x00,0xFF,0x00,0x0F,0xEF,0xFF,0x7D,0xFF,0xFB,0xDF,0xFF,0x8E,0xFF,0xF0,0xF0,0x00,0x0F,0x00,0x00,0xF0,0x00,0x0F,0x00,0x00,0xF0,0x00,0x0F,0x00,0x00,0xF0,0x00,0x0F,0x00,0x00,0xF0,0x00,0x0F,0x00,0x00,0xE0,0x00,0x0C,0x00,0x00,0x00,0x00,0x00, // 'P'
	0x3F,0xFF,0xC3,0xFF,0xFC,0xDF,0xFF,0xBE,0xFF,0xF7,0xF0,0x00,0xFF,0x00,0x0F,0xF0,0x00,0xFF,0x00,0x0F,0xF0,0x00,0xFF,0x00,0x0F,0xF0,0x00,0xFF,0x00,0x0F,0xF0,0x00,0xFF,0x00,0x0F,0xEF,0xFF,0x7D,0xFF,0xFB,0x1F,0xFF,0xB0,0xFF,0xF7,0x00,0x00,0xF0,0x00,0x0F,0x00,0x00,0xF0,0x00,0x0F,0x00,0x00,0xF0,0x00,0x0F,0x00,0x00,0xF0,0x00,0x0F,0x00,0x00,0xF0,0x00,0x0F,0x00,0x00,0x70,0x00,0x03,0x00,0x00,0x00, // 'Q'
	0x0F,0xFF,0x0F,0xFF,0xF7,0xFF,0xFD,0xFF,0xEF,0x00,0x07,0x80,0x03,0xC0,0x01,0xE0,0x00,0xF0,0x00,0x78,0x00,0x3C,0x00,0x1E,0x00,0x0F,0x00,0x07,0x80,0x03,0x80,0x01,0x80,0x00,0x00,0x00,0x00, // 'R'
	0x00,0x00,0x0C,0x00,0x00,0xE0,0x00,0x0F,0x00,0x00,0xF0,0x00,0x0F,0x00,0x00,0xF0,0x00,0x0F,0x00,0x00,0xF0,0x00,0x0F,0x00,0x00,0xF0,0x00,0x0F,0x00,0x00,0xF0,0x00,0x0E,0xFF,0xF0,0xDF,0xFF,0x81,0xFF,0xFB,0x0F,0xFF,0x70,0x00,0x0F,0x00,0x00,0xF0,0x00,0x0F,0x00,0x00,0xF0,0x00,0x0F,0x00,0x00,0xF0,0x00,0x0F,0x00,0x00,0xF0,0x00,0x0F,0x00,0x00,0xF0,0xFF,0xF7,0x1F,0xFF,0xB3,0xFF,0xFC,0x3F,0xFF,0xC0, // 'S'
	0x00,0x00,0x18,0x00,0x03,0x80,0x00,0x78,0x00,0x0F,0x00,0x01,0xE0,0x00,0x3C,0x00,0x07,0x80,0x00,0xF0,0x00,0x1E,0x00,0x03,0xC0,0x00,0x78,0x00,0x0F,0x00,0x01,0xDF,0xFE,0x37,0xFF,0xE6,0xFF,0xFC,0xEF,0xFF,0x1E,0x00,0x03,0xC0,0x00,0x78,0x00,0x0F,0x00,0x01,0xE0,0x00,0x3C,0x00,0x07,0x80,0x00,0xF0,0x00,0x1E,0x00,0x03,0xC0,0x00,0x77,0xFF,0x8D,0xFF,0xF8,0x7F,0xFF,0x8F,0xFF,0xF0, // 'T'
	0xC0,0x00,0x3E,0x00,0x07,0xF0,0x00,0xFF,0x00,0x0F,0xF0,0x00,0xFF,0x00,0x0F,0xF0,0x00,0xFF,0x00,0x0F,0xF0,0x00,0xFF,0x00,0x0F,0xF0,0x00,0xFF,0x00,0x0F,0xEF,0xFF,0x7D,0xFF,0xFB,0x3F,0xFF,0xC3,0xFF,0xFC, // 'U'
	0x00,0x00,0x0C,0x00,0x03,0xE0,0x00,0x7F,0x00,0x0F,0xF0,0x00,0xFF,0x00,0x0F,0xF0,0x00,0xFF,0x00,0x0F,0xF0,0x00,0xFF,0x00,0x0F,0xF0,0x00,0xFF,0x00,0x0F,0xF0,0x00,0xFE,0x00,0x07,0xC0,0x00,0x3C,0x00,0x03,0xE0,0x00,0x7F,0x00,0x0F,0xF0,0x00,0xFF,0x00,0x0F,0xF0,0x00,0xFF,0x00,0x0F,0xF0,0x00,0xFF,0x00,0x0F,0xF0,0x00,0xFF,0x00,0x0F,0xF0,0x00,0xFE,0xFF,0xF7,0xDF,0xFF,0xB3,0xFF,0xFC,0x3F,0xFF,0xC0, // 'V'
	0x00,0x00,0x0C,0x00,0x03,0xE0,0x00,0x7F,0x00,0x0F,0xF0,0x00,0xFF,0x00,0x0F,0xF0,0x00,0xFF,0x00,0x0F,0xF0,0x00,0xFF,0x00,0x0F,0xF0,0x00,0xFF,0x00,0x0F,0xF0,0x00,0xFE,0xFF,0xF7,0xDF,0xFF,0xBD,0xFF,0xFB,0xEF,0xFF,0x7F,0x00,0x0F,0xF0,0x00,0xFF,0x00,0x0F,0xF0,0x00,0xFF,0x00,0x0F,0xF0,0x00,0xFF,0x00,0x0F,0xF0,0x00,0xFF,0x00,0x0F,0xF0,0x00,0xFE,0xFF,0xF7,0xDF,0xFF,0xB3,0xFF,0xFC,0x3F,0xFF,0xC0, // 'W'
	0x00,0x00,0x0C,0x00,0x03,0xE0,0x00,0x7F,0x00,0x0F,0xF0,0x00,0xFF,0x00,0x0F,0xF0,0x00,0xFF,0x00,0x0F,0xF0,0x00,0xFF,0x00,0x0F,0xF0,0x00,0xFF,0x00,0x0F,0xF0,0x00,0xFE,0xFF,0xF7,0xDF,0xFF,0xBD,0xFF,0xFB,0xEF,0xFF,0x7F,0x00,0x0F,0xF0,0x00,0xFF,0x00,0x0F,0xF0,0x00,0xFF,0x00,0x0F,0xF0,0x00,0xFF,0x00,0x0F,0xF0,0x00,0xFF,0x00,0x0F,0xF0,0x00,0xFE,0x00,0x07,0xC0,0x00,0x30,0x00,0x00, // 'X'
	0x00,0x00,0x0C,0x00,0x03,0xE0,0x00,0x7F,0x00,0x0F,0xF0,0x00,0xFF,0x00,0x0F,0xF0,0x00,0xFF,0x00,0x0F,0xF0,0x00,0xFF,0x00,0x0F,0xF0,0x00,0xFF,0x00,0x0F,0xF0,0x00,0xFE,0xFF,0xF7,0xDF,0xFF,0xB1,0xFF,0xFB,0x0F,0xFF,0x70,0x00,0x0F,0x00,0x00,0xF0,0x00,0x0F,0x00,0x00,0xF0,0x00,0x0F,0x00,0x00,0xF0,0x00,0x0F,0x00,0x00,0xF0,0x00,0x0F,0x00,0x00,0xF0,0xFF,0xF7,0x1F,0xFF,0xB3,0xFF,0xFC,0x3F,0xFF,0xC0, // 'Y'
	0x3F,0xFF,0xC3,0xFF,0xFC,0x1F,0xFF,0xB0,0xFF,0xF7,0x00,0x00,0xF0,0x00,0x0F,0x00,0x00,0xF0,0x00,0x0F,0x00,0x00,0xF0,0x00,0x0F,0x00,0x00,0xF0,0x00,0x0F,0x00,0x00,0xF0,0x00,0x0F,0x00,0x00,0x70,0x00,0x03,0xC0,0x00,0x0E,0x00,0x00,0xF0,0x00,0x0F,0x00,0x00,0xF0,0x00,0x0F,0x00,0x00,0xF0,0x00,0x0F,0x00,0x00,0xF0,0x00,0x0F,0x00,0x00,0xF0,0x00,0x0F,0x00,0x00,0xEF,0xFF,0x0D,0xFF,0xF8,0x3F,0xFF,0xC3,0xFF,0xFC, // 'Z'
	0xFF,0x81,0x81,0x81,0x81,0x81,0x81,0x81,0x81,0x81,0x81,0x81,0x81,0x81,0x81,0x81,0x81,0x81,0x81,0x81,0xFF, // '['
	0xFF,0x81,0x81,0x81,0x81,0x81,0x81,0x81,0x81,0x81,0x81,0x81,0x81,0x81,0x81,0x81,0x81,0x81,0x81,0x81,0xFF, // '\'
	0xFF,0x81,0x81,0x81,0x81,0x81,0x81,0x81,0x81,0x81,0x81,0x81,0x81,0x81,0x81,0x81,0x81,0x81,0x81,0x81,0xFF, // ']'
	0xFF,0x81,0x81,0x81,0x81,0x81,0x81,0x81,0x81,0x81,0x81,0x81,0x81,0x81,0x81,0x81,0x81,0x81,0x81,0x81,0xFF, // '^'
	0xFF,0x81,0x81,0x81,0x81,0x81,0x81,0x81,0x81,0x81,0x81,0x81,0x81,0x81,0x81,0x81,0x81,0x81,0x81,0x81,0xFF, // '_'
	0xFF,0x81,0x81,0x81,0x81,0x81,0x81,0x81,0x81,0x81,0x81,0x81,0x81,0x81,0x81,0x81,0x81,0x81,0x81,0x81,0xFF, // '`'
	0x3F,0xFF,0xC3,0xFF,0xFC,0xDF,0xFF,0xBE,0xFF,0xF7,0xF0,0x00,0xFF,0x00,0x0F,0xF0,0x00,0xFF,0x00,0x0F,0xF0,0x00,0xFF,0x00,0x0F,0xF0,0x00,0xFF,0x00,0x0F,0xF0,0x00,0xFF,0x00,0x0F,0xEF,0xFF,0x7D,0xFF,0xFB,0xDF,0xFF,0xBE,0xFF,0xF7,0xF0,0x00,0xFF,0x00,0x0F,0xF0,0x00,0xFF,0x00,0x0F,0xF0,0x00,0xFF,0x00,0x0F,0xF0,0x00,0xFF,0x00,0x0F,0xF0,0x00,0xFF,0x00,0x0F,0xE0,0x00,0x7C,0x00,0x03,0x00,0x00,0x00, // 'a'
	0x00,0x00,0x0C,0x00,0x00,0xE0,0x00,0x0F,0x00,0x00,0xF0,0x00,0x0F,0x00,0x00,0xF0,0x00,0x0F,0x00,0x00,0xF0,0x00,0x0F,0x00,0x00,0xF0,0x00,0x0F,0x00,0x00,0xF0,0x00,0x0E,0xFF,0xF0,0xDF,0xFF,0x8D,0xFF,0xFB,0xEF,0xFF,0x7F,0x00,0x0F,0xF0,0x00,0xFF,0x00,0x0F,0xF0,0x00,0xFF,0x00,0x0F,0xF0,0x00,0xFF,0x00,0x0F,0xF0,0x00,0xFF,0x00,0x0F,0xF0,0x00,0xFE,0xFF,0xF7,0xDF,0xFF,0xB3,0xFF,0xFC,0x3F,0xFF,0xC0, // 'b'
	0x0F,0xFF,0x03,0xFF,0xF3,0x7F,0xFE,0x77,0xFF,0x8F,0x00,0x01,0xE0,0x00,0x3C,0x00,0x07,0x80,0x00,0xF0,0x00,0x1E,0x00,0x03,0xC0,0x00,0x78,0x00,0x0F,0x00,0x01,0xE0,0x00,0x3B,0xFF,0xC6,0xFF,0xFC,0x3F,0xFF,0xC7,0xFF,0xF8, // 'c'
	0x00,0x00,0x00,0x00,0x03,0x00,0x00,0x70,0x00,0x0F,0x00,0x00,0xF0,0x00,0x0F,0x00,0x00,0xF0,0x00,0x0F,0x00,0x00,0xF0,0x00,0x0F,0x00,0x00,0xF0,0x00,0x0F,0x00,0x00,0xF0,0xFF,0xF7,0x1F,0xFF,0xBD,0xFF,0xFB,0xEF,0xFF,0x7F,0x00,0x0F,0xF0,0x00,0xFF,0x00,0x0F,0xF0,0x00,0xFF,0x00,0x0F,0xF0,0x00,0xFF,0x00,0x0F,0xF0,0x00,0xFF,0x00,0x0F,0xF0,0x00,0xFE,0xFF,0xF7,0xDF,0xFF,0xB3,0xFF,0xFC,0x3F,0xFF,0xC0, // 'd'
	0x3F,0xFF,0xC7,0xFF,0xFB,0x7F,0xFE,0x77,0xFF,0x8F,0x00,0x01,0xE0,0x00,0x3C,0x00,0x07,0x80,0x00,0xF0,0x00,0x1E,0x00,0x03,0xC0,0x00,0x78,0x00,0x0F,0x00,0x01,0xE0,0x00,0x3B,0xFF,0xC6,0xFF,0xFC,0xDF,0xFF,0x9D,0xFF,0xE3,0xC0,0x00,0x78,0x00,0x0F,0x00,0x01,0xE0,0x00,0x3C,0x00,0x07,0x80,0x00,0xF0,0x00,0x1E,0x00,0x03,0xC0,0x00,0x78,0x00,0x0E,0xFF,0xF1,0xBF,0xFF,0x0F,0xFF,0xF1,0xFF,0xFE, // 'e'
	0x3F,0xFF,0xC7,0xFF,0xFB,0x7F,0xFE,0x77,0xFF,0x8F,0x00,0x01,0xE0,0x00,0x3C,0x00,0x07,0x80,0x00,0xF0,0x00,0x1E,0x00,0x03,0xC0,0x00,0x78,0x00,0x0F,0x00,0x01,0xE0,0x00,0x3B,0xFF,0xC6,0xFF,0xFC,0xDF,0xFF,0x9D,0xFF,0xE3,0xC0,0x00,0x78,0x00,0x0F,0x00,0x01,0xE0,0x00,0x3C,0x00,0x07,0x80,0x00,0xF0,0x00,0x1E,0x00,0x03,0xC0,0x00,0x78,0x00,0x0E,0x00,0x01,0x80,0x00,0x00,0x00,0x00, // 'f'
	0x3F,0xFF,0xC3,0xFF,0xFC,0xDF,0xFF,0x8E,0xFF,0xF0,0xF0,0x00,0x0F,0x00,0x00,0xF0,0x00,0x0F,0x00,0x00,0xF0,0x00,0x0F,0x00,0x00,0xF0,0x00,0x0F,0x00,0x00,0xF0,0x00,0x0F,0x00,0x00,0xE0,0x00,0x0C,0x00,0x00,0xC0,0x00,0x3E,0x00,0x07,0xF0,0x00,0xFF,0x00,0x0F,0xF0,0x00,0xFF,0x00,0x0F,0xF0,0x00,0xFF,0x00,0x0F,0xF0,0x00,0xFF,0x00,0x0F,0xF0,0x00,0xFF,0x00,0x0F,0xEF,0xFF,0x7D,0xFF,0xFB,0x3F,0xFF,0xC3,0xFF,0xFC, // 'g'
	0x00,0x00,0x0C,0x00,0x00,0xE0,0x00,0x0F,0x00,0x00,0xF0,0x00,0x0F,0x00,0x00,0xF0,0x00,0x0F,0x00,0x00,0xF0,0x00,0x0F,0x00,0x00,0xF0,0x00,0x0F,0x00,0x00,0xF0,0x00,0x0E,0xFF,0xF0,0xDF,0xFF,0x8D,0xFF,0xFB,0xEF,0xFF,0x7F,0x00,0x0F,0xF0,0x00,0xFF,0x00,0x0F,0xF0,0x00,0xFF,0x00,0x0F,0xF0,0x00,0xFF,0x00,0x0F,0xF0,0x00,0xFF,0x00,0x0F,0xF0,0x00,0xFE,0x00,0x07,0xC0,0x00,0x30,0x00,0x00, // 'h'
	0x37,0xFF,0xFF,0xFF,0xFF,0xFF,0x73,0x00, // 'i'
	0x00,0x00,0x00,0x00,0x03,0x00,0x00,0x70,0x00,0x0F,0x00,0x00,0xF0,0x00,0x0F,0x00,0x00,0xF0,0x00,0x0F,0x00,0x00,0xF0,0x00,0x0F,0x00,0x00,0xF0,0x00,0x0F,0x00,0x00,0xF0,0x00,0x07,0x00,0x00,0x3C,0x00,0x03,0xE0,0x00,0x7F,0x00,0x0F,0xF0,0x00,0xFF,0x00,0x0F,0xF0,0x00,0xFF,0x00,0x0F,0xF0,0x00,0xFF,0x00,0x0F,0xF0,0x00,0xFF,0x00,0x0F,0xF0,0x00,0xFE,0xFF,0xF7,0xDF,0xFF,0xB3,0xFF,0xFC,0x3F,0xFF,0xC0, // 'j'
	0x3F,0xFF,0xC3,0xFF,0xFC,0xDF,0xFF,0x8E,0xFF,0xF0,0xF0,0x00,0x0F,0x00,0x00,0xF0,0x00,0x0F,0x00,0x00,0xF0,0x00,0x0F,0x00,0x00,0xF0,0x00,0x0F,0x00,0x00,0xF0,0x00,0x0F,0x00,0x00,0xEF,0xFF,0x0D,0xFF,0xF8,0xDF,0xFF,0xBE,0xFF,0xF7,0xF0,0x00,0xFF,0x00,0x0F,0xF0,0x00,0xFF,0x00,0x0F,0xF0,0x00,0xFF,0x00,0x0F,0xF0,0x00,0xFF,0x00,0x0F,0xF0,0x00,0xFF,0x00,0x0F,0xE0,0x00,0x7C,0x00,0x03,0x00,0x00,0x00, // 'k'
	0x00,0x00,0x18,0x00,0x03,0x80,0x00,0x78,0x00,0x0F,0x00,0x01,0xE0,0x00,0x3C,0x00,0x07,0x80,0x00,0xF0,0x00,0x1E,0x00,0x03,0xC0,0x00,0x78,0x00,0x0F,0x00,0x01,0xC0,0x00,0x30,0x00,0x06,0x00,0x00,0xE0,0x00,0x1E,0x00,0x03,0xC0,0x00,0x78,0x00,0x0F,0x00,0x01,0xE0,0x00,0x3C,0x00,0x07,0x80,0x00,0xF0,0x00,0x1E,0x00,0x03,0xC0,0x00,0x77,0xFF,0x8D,0xFF,0xF8,0x7F,0xFF,0x8F,0xFF,0xF0, // 'l'
	0x3F,0xFF,0xC3,0xFF,0xFC,0xDF,0xFF,0xBE,0xFF,0xF7,0xF0,0x00,0xFF,0x00,0x0F,0xF0,0x00,0xFF,0x00,0x0F,0xF0,0x00,0xFF,0x00,0x0F,0xF0,0x00,0xFF,0x00,0x0F,0xF0,0x00,0xFF,0x00,0x0F,0xE0,0x00,0x7C,0x00,0x03,0xC0,0x00,0x3E,0x00,0x07,0xF0,0x00,0xFF,0x00,0x0F,0xF0,0x00,0xFF,0x00,0x0F,0xF0,0x00,0xFF,0x00,0x0F,0xF0,0x00,0xFF,0x00,0x0F,0xF0,0x00,0xFF,0x00,0x0F,0xE0,0x00,0x7C,0x00,0x03,0x00,0x00,0x00, // 'm'
	0x0F,0xFF,0x01,0xFF,0xF8,0xDF,0xFF,0xBE,0xFF,0xF7,0xF0,0x00,0xFF,0x00,0x0F,0xF0,0x00,0xFF,0x00,0x0F,0xF0,0x00,0xFF,0x00,0x0F,0xF0,0x00,0xFF,0x00,0x0F,0xF0,0x00,0xFF,0x00,0x0F,0xE0,0x00,0x7C,0x00,0x03,0x00,0x00,0x00, // 'n'
	0x0F,0xFF,0x01,0xFF,0xF8,0xDF,0xFF,0xBE,0xFF,0xF7,0xF0,0x00,0xFF,0x00,0x0F,0xF0,0x00,0xFF,0x00,0x0F,0xF0,0x00,0xFF,0x00,0x0F,0xF0,0x00,0xFF,0x00,0x0F,0xF0,0x00,0xFF,0x00,0x0F,0xEF,0xFF,0x7D,0xFF,0xFB,0x3F,0xFF,0xC3,0xFF,0xFC, // 'o'
	0x3F,0xFF,0xC3,0xFF,0xFC,0xDF,0xFF,0xBE,0xFF,0xF7,0xF0,0x00,0xFF,0x00,0x0F,0xF0,0x00,0xFF,0x00,0x0F,0xF0,0x00,0xFF,0x00,0x0F,0xF0,0x00,0xFF,0x00,0x0F,0xF0,0x00,0xFF,0x00,0x0F,0xEF,0xFF,0x7D,0xFF,0xFB,0xDF,0xFF,0x8E,0xFF,0xF0,0xF0,0x00,0x0F,0x00,0x00,0xF0,0x00,0x0F,0x00,0x00,0xF0,0x00,0x0F,0x00,0x00,0xF0,0x00,0x0F,0x00,0x00,0xF0,0x00,0x0F,0x00,0x00,0xE0,0x00,0x0C,0x00,0x00,0x00,0x00,0x00, // 'p'
	0x3F,0xFF,0xC3,0xFF,0xFC,0xDF,0xFF,0xBE,0xFF,0xF7,0xF0,0x00,0xFF,0x00,0x0F,0xF0,0x00,0xFF,0x00,0x0F,0xF0,0x00,0xFF,0x00,0x0F,0xF0,0x00,0xFF,0x00,0x0F,0xF0,0x00,0xFF,0x00,0x0F,0xEF,0xFF,0x7D,0xFF,0xFB,0x1F,0xFF,0xB0,0xFF,0xF7,0x00,0x00,0xF0,0x00,0x0F,0x00,0x00,0xF0,0x00,0x0F,0x00,0x00,0xF0,0x00,0x0F,0x00,0x00,0xF0,0x00,0x0F,0x00,0x00,0xF0,0x00,0x0F,0x00,0x00,0x70,0x00,0x03,0x00,0x00,0x00, // 'q'
	0x0F,0xFF,0x0F,0xFF,0xF7,0xFF,0xFD,0xFF,0xEF,0x00,0x07,0x80,0x03,0xC0,0x01,0xE0,0x00,0xF0,0x00,0x78,0x00,0x3C,0x00,0x1E,0x00,0x0F,0x00,0x07,0x80,0x03,0x80,0x01,0x80,0x00,0x00,0x00,0x00, // 'r'
	0x00,0x00,0x0C,0x00,0x00,0xE0,0x00,0x0F,0x00,0x00,0xF0,0x00,0x0F,0x00,0x00,0xF0,0x00,0x0F,0x00,0x00,0xF0,0x00,0x0F,0x00,0x00,0xF0,0x00,0x0F,0x00,0x00,0xF0,0x00,0x0E,0xFF,0xF0,0xDF,0xFF,0x81,0xFF,0xFB,0x0F,0xFF,0x70,0x00,0x0F,0x00,0x00,0xF0,0x00,0x0F,0x00,0x00,0xF0,0x00,0x0F,0x00,0x00,0xF0,0x00,0x0F,0x00,0x00,0xF0,0x00,0x0F,0x00,0x00,0xF0,0xFF,0xF7,0x1F,0xFF,0xB3,0xFF,0xFC,0x3F,0xFF,0xC0, // 's'
	0x00,0x00,0x18,0x00,0x03,0x80,0x00,0x78,0x00,0x0F,0x00,0x01,0xE0,0x00,0x3C,0x00,0x07,0x80,0x00,0xF0,0x00,0x1E,0x00,0x03,0xC0,0x00,0x78,0x00,0x0F,0x00,0x01,0xDF,0xFE,0x37,0xFF,0xE6,0xFF,0xFC,0xEF,0xFF,0x1E,0x00,0x03,0xC0,0x00,0x78,0x00,0x0F,0x00,0x01,0xE0,0x00,0x3C,0x00,0x07,0x80,0x00,0xF0,0x00,0x1E,0x00,0x03,0xC0,0x00,0x77,0xFF,0x8D,0xFF,0xF8,0x7F,0xFF,0x8F,0xFF,0xF0, // 't'
	0xC0,0x00,0x3E,0x00,0x07,0xF0,0x00,0xFF,0x00,0x0F,0xF0,0x00,0xFF,0x00,0x0F,0xF0,0x00,0xFF,0x00,0x0F,0xF0,0x00,0xFF,0x00,0x0F,0xF0,0x00,0xFF,0x00,0x0F,0xEF,0xFF,0x7D,0xFF,0xFB,0x3F,0xFF,0xC3,0xFF,0xFC, // 'u'
	0x00,0x00,0x0C,0x00,0x03,0xE0,0x00,0x7F,0x00,0x0F,0xF0,0x00,0xFF,0x00,0x0F,0xF0,0x00,0xFF,0x00,0x0F,0xF0,0x00,0xFF,0x00,0x0F,0xF0,0x00,0xFF,0x00,0x0F,0xF0,0x00,0xFE,0x00,0x07,0xC0,0x00,0x3C,0x00,0x03,0xE0,0x00,0x7F,0x00,0x0F,0xF0,0x00,0xFF,0x00,0x0F,0xF0,0x00,0xFF,0x00,0x0F,0xF0,0x00,0xFF,0x00,0x0F,0xF0,0x00,0xFF,0x00,0x0F,0xF0,0x00,0xFE,0xFF,0xF7,0xDF,0xFF,0xB3,0xFF,0xFC,0x3F,0xFF,0xC0, // 'v'
	0x00,0x00,0x0C,0x00,0x03,0xE0,0x00,0x7F,0x00,0x0F,0xF0,0x00,0xFF,0x00,0x0F,0xF0,0x00,0xFF,0x00,0x0F,0xF0,0x00,0xFF,0x00,0x0F,0xF0,0x00,0xFF,0x00,0x0F,0xF0,0x00,0xFE,0xFF,0xF7,0xDF,0xFF,0xBD,0xFF,0xFB,0xEF,0xFF,0x7F,0x00,0x0F,0xF0,0x00,0xFF,0x00,0x0F,0xF0,0x00,0xFF,0x00,0x0F,0xF0,0x00,0xFF,0x00,0x0F,0xF0,0x00,0xFF,0x00,0x0F,0xF0,0x00,0xFE,0xFF,0xF7,0xDF,0xFF,0xB3,0xFF,0xFC,0x3F,0xFF,0xC0, // 'w'
	0x00,0x00,0x0C,0x00,0x03,0xE0,0x00,0x7F,0x00,0x0F,0xF0,0x00,0xFF,0x00,0x0F,0xF0,0x00,0xFF,0x00,0x0F,0xF0,0x00,0xFF,0x00,0x0F,0xF0,0x00,0xFF,0x00,0x0F,0xF0,0x00,0xFE,0xFF,0xF7,0xDF,0xFF,0xBD,0xFF,0xFB,0xEF,0xFF,0x7F,0x00,0x0F,0xF0,0x00,0xFF,0x00,0x0F,0xF0,0x00,0xFF,0x00,0x0F,0xF0,0x00,0xFF,0x00,0x0F,0xF0,0x00,0xFF,0x00,0x0F,0xF0,0x00,0xFE,0x00,0x07,0xC0,0x00,0x30,0x00,0x00, // 'x'
	0x00,0x00,0x0C,0x00,0x03,0xE0,0x00,0x7F,0x00,0x0F,0xF0,0x00,0xFF,0x00,0x0F,0xF0,0x00,0xFF,0x00,0x0F,0xF0,0x00,0xFF,0x00,0x0F,0xF0,0x00,0xFF,0x00,0x0F,0xF0,0x00,0xFE,0xFF,0xF7,0xDF,0xFF,0xB1,0xFF,0xFB,0x0F,0xFF,0x70,0x00,0x0F,0x00,0x00,0xF0,0x00,0x0F,0x00,0x00,0xF0,0x00,0x0F,0x00,0x00,0xF0,0x00,0x0F,0x00,0x00,0xF0,0x00,0x0F,0x00,0x00,0xF0,0xFF,0xF7,0x1F,0xFF,0xB3,0xFF,0xFC,0x3F,0xFF,0xC0, // 'y'
	0x3F,0xFF,0xC3,0xFF,0xFC,0x1F,0xFF,0xB0,0xFF,0xF7,0x00,0x00,0xF0,0x00,0x0F,0x00,0x00,0xF0,0x00,0x0F,0x00,0x00,0xF0,0x00,0x0F,0x00,0x00,0xF0,0x00,0x0F,0x00,0x00,0xF0,0x00,0x0F,0x00,0x00,0x70,0x00,0x03,0xC0,0x00,0x0E,0x00,0x00,0xF0,0x00,0x0F,0x00,0x00,0xF0,0x00,0x0F,0x00,0x00,0xF0,0x00,0x0F,0x00,0x00,0xF0,0x00,0x0F,0x00,0x00,0xF0,0x00,0x0F,0x00,0x00,0xEF,0xFF,0x0D,0xFF,0xF8,0x3F,0xFF,0xC3,0xFF,0xFC, // 'z'
	0xFF,0x81,0x81,0x81,0x81,0x81,0x81,0x81,0x81,0x81,0x81,0x81,0x81,0x81,0x81,0x81,0x81,0x81,0x81,0x81,0xFF, // '{'
	0xFF,0x81,0x81,0x81,0x81,0x81,0x81,0x81,0x81,0x81,0x81,0x81,0x81,0x81,0x81,0x81,0x81,0x81,0x81,0x81,0xFF, // '|'
	0xFF,0x81,0x81,0x81,0x81,0x81,0x81,0x81,0x81,0x81,0x81,0x81,0x81,0x81,0x81,0x81,0x81,0x81,0x81,0x81,0xFF // '}'
};
const GFXglyph DSEG7_Classic_Bold_32Glyphs[] PROGMEM = {
// bitmapOffset, width, height, xAdvance, xOffset, yOffset
	  {     0,   1,   1,   7,    0,   -1 }, // ' '
	  {     1,   1,   1,  27,    0,   -1 }, // '!'
	  {     2,   8,  21,  13,    1,  -21 }, // '"'
	  {    23,   8,  21,  13,    1,  -21 }, // '#'
	  {    44,   8,  21,  13,    1,  -21 }, // '$'
	  {    65,   8,  21,  13,    1,  -21 }, // '%'
	  {    86,   8,  21,  13,    1,  -21 }, // '&'
	  {   107,   8,  21,  13,    1,  -21 }, // '''
	  {   128,   8,  21,  13,    1,  -21 }, // '('
	  {   149,   8,  21,  13,    1,  -21 }, // ')'
	  {   170,   8,  21,  13,    1,  -21 }, // '*'
	  {   191,   8,  21,  13,    1,  -21 }, // '+'
	  {   212,   8,  21,  13,    1,  -21 }, // ','
	  {   233,  14,   4,  27,    6,  -18 }, // '-'
	  {   240,   4,   4,   1,   -2,   -4 }, // '.'
	  {   242,   8,  21,  13,    1,  -21 }, // '/'
	  {   263,  20,  32,  27,    3,  -32 }, // '0'
	  {   343,   4,  30,  27,   19,  -31 }, // '1'
	  {   358,  20,  32,  27,    3,  -32 }, // '2'
	  {   438,  18,  32,  27,    5,  -32 }, // '3'
	  {   510,  20,  30,  27,    3,  -31 }, // '4'
	  {   585,  20,  32,  27,    3,  -32 }, // '5'
	  {   665,  20,  32,  27,    3,  -32 }, // '6'
	  {   745,  20,  31,  27,    3,  -32 }, // '7'
	  {   823,  20,  32,  27,    3,  -32 }, // '8'
	  {   903,  20,  32,  27,    3,  -32 }, // '9'
	  {   983,   4,  17,   7,    1,  -24 }, // ':'
	  {   992,   8,  21,  13,    1,  -21 }, // ';'
	  {  1013,   8,  21,  13,    1,  -21 }, // '<'
	  {  1034,   8,  21,  13,    1,  -21 }, // '='
	  {  1055,   8,  21,  13,    1,  -21 }, // '>'
	  {  1076,   8,  21,  13,    1,  -21 }, // '?'
	  {  1097,   8,  21,  13,    1,  -21 }, // '@'
	  {  1118,  20,  31,  27,    3,  -32 }, // 'A'
	  {  1196,  20,  31,  27,    3,  -31 }, // 'B'
	  {  1274,  19,  18,  27,    3,  -18 }, // 'C'
	  {  1317,  20,  31,  27,    3,  -31 }, // 'D'
	  {  1395,  19,  32,  27,    3,  -32 }, // 'E'
	  {  1471,  19,  31,  27,    3,  -32 }, // 'F'
	  {  1545,  20,  32,  27,    3,  -32 }, // 'G'
	  {  1625,  20,  30,  27,    3,  -31 }, // 'H'
	  {  1700,   4,  15,  27,   19,  -16 }, // 'I'
	  {  1708,  20,  31,  27,    3,  -31 }, // 'J'
	  {  1786,  20,  31,  27,    3,  -32 }, // 'K'
	  {  1864,  19,  31,  27,    3,  -31 }, // 'L'
	  {  1938,  20,  31,  27,    3,  -32 }, // 'M'
	  {  2016,  20,  17,  27,    3,  -18 }, // 'N'
	  {  2059,  20,  18,  27,    3,  -18 }, // 'O'
	  {  2104,  20,  31,  27,    3,  -32 }, // 'P'
	  {  2182,  20,  31,  27,    3,  -32 }, // 'Q'
	  {  2260,  17,  17,  27,    3,  -18 }, // 'R'
	  {  2297,  20,  31,  27,    3,  -31 }, // 'S'
	  {  2375,  19,  31,  27,    3,  -31 }, // 'T'
	  {  2449,  20,  16,  27,    3,  -16 }, // 'U'
	  {  2489,  20,  31,  27,    3,  -31 }, // 'V'
	  {  2567,  20,  31,  27,    3,  -31 }, // 'W'
	  {  2645,  20,  30,  27,    3,  -31 }, // 'X'
	  {  2720,  20,  31,  27,    3,  -31 }, // 'Y'
	  {  2798,  20,  32,  27,    3,  -32 }, // 'Z'
	  {  2878,   8,  21,  13,    1,  -21 }, // '['
	  {  2899,   8,  21,  13,    1,  -21 }, // '\'
	  {  2920,   8,  21,  13,    1,  -21 }, // ']'
	  {  2941,   8,  21,  13,    1,  -21 }, // '^'
	  {  2962,   8,  21,  13,    1,  -21 }, // '_'
	  {  2983,   8,  21,  13,    1,  -21 }, // '`'
	  {  3004,  20,  31,  27,    3,  -32 }, // 'a'
	  {  3082,  20,  31,  27,    3,  -31 }, // 'b'
	  {  3160,  19,  18,  27,    3,  -18 }, // 'c'
	  {  3203,  20,  31,  27,    3,  -31 }, // 'd'
	  {  3281,  19,  32,  27,    3,  -32 }, // 'e'
	  {  3357,  19,  31,  27,    3,  -32 }, // 'f'
	  {  3431,  20,  32,  27,    3,  -32 }, // 'g'
	  {  3511,  20,  30,  27,    3,  -31 }, // 'h'
	  {  3586,   4,  15,  27,   19,  -16 }, // 'i'
	  {  3594,  20,  31,  27,    3,  -31 }, // 'j'
	  {  3672,  20,  31,  27,    3,  -32 }, // 'k'
	  {  3750,  19,  31,  27,    3,  -31 }, // 'l'
	  {  3824,  20,  31,  27,    3,  -32 }, // 'm'
	  {  3902,  20,  17,  27,    3,  -18 }, // 'n'
	  {  3945,  20,  18,  27,    3,  -18 }, // 'o'
	  {  3990,  20,  31,  27,    3,  -32 }, // 'p'
	  {  4068,  20,  31,  27,    3,  -32 }, // 'q'
	  {  4146,  17,  17,  27,    3,  -18 }, // 'r'
	  {  4183,  20,  31,  27,    3,  -31 }, // 's'
	  {  4261,  19,  31,  27,    3,  -31 }, // 't'
	  {  4335,  20,  16,  27,    3,  -16 }, // 'u'
	  {  4375,  20,  31,  27,    3,  -31 }, // 'v'
	  {  4453,  20,  31,  27,    3,  -31 }, // 'w'
	  {  4531,  20,  30,  27,    3,  -31 }, // 'x'
	  {  4606,  20,  31,  27,    3,  -31 }, // 'y'
	  {  4684,  20,  32,  27,    3,  -32 }, // 'z'
	  {  4764,   8,  21,  13,    1,  -21 }, // '{'
	  {  4785,   8,  21,  13,    1,  -21 }, // '|'
	  {  4806,   8,  21,  13,    1,  -21 } // '}'
};
const GFXfont DSEG7_Classic_Bold_32 PROGMEM = {
(uint8_t  *)DSEG7_Classic_Bold_32Bitmaps,(GFXglyph *)DSEG7_Classic_Bold_32Glyphs,0x20, 0x7E, 35};

// Created by http://oleddisplay.squix.ch/ Consider a donation
// In case of problems make sure that you are using the font file with the correct version!
const uint8_t DSEG7_Classic_Bold_17Bitmaps[] PROGMEM = {

	// Bitmap Data:
	0x00, // ' '
	0x00, // '!'
	0xFC,0x63,0x18,0xC6,0x31,0x8C,0x63,0xF0, // '"'
	0xFC,0x63,0x18,0xC6,0x31,0x8C,0x63,0xF0, // '#'
	0xFC,0x63,0x18,0xC6,0x31,0x8C,0x63,0xF0, // '$'
	0xFC,0x63,0x18,0xC6,0x31,0x8C,0x63,0xF0, // '%'
	0xFC,0x63,0x18,0xC6,0x31,0x8C,0x63,0xF0, // '&'
	0xFC,0x63,0x18,0xC6,0x31,0x8C,0x63,0xF0, // '''
	0xFC,0x63,0x18,0xC6,0x31,0x8C,0x63,0xF0, // '('
	0xFC,0x63,0x18,0xC6,0x31,0x8C,0x63,0xF0, // ')'
	0xFC,0x63,0x18,0xC6,0x31,0x8C,0x63,0xF0, // '*'
	0xFC,0x63,0x18,0xC6,0x31,0x8C,0x63,0xF0, // '+'
	0xFC,0x63,0x18,0xC6,0x31,0x8C,0x63,0xF0, // ','
	0x7E,0xFF,0x7E, // '-'
	0xF0, // '.'
	0xFC,0x63,0x18,0xC6,0x31,0x8C,0x63,0xF0, // '/'
	0xFF,0xBF,0xDC,0x0F,0x03,0xC0,0xF0,0x3C,0x0E,0x03,0x00,0x20,0x3C,0x0F,0x03,0xC0,0xF0,0x3C,0x0F,0xFD,0xFF,0x80, // '0'
	0x7F,0xFC,0xFF,0xF4, // '1'
	0xFF,0x9F,0xD0,0x0C,0x03,0x00,0xC0,0x30,0x0C,0xFF,0x7F,0xAF,0xCC,0x03,0x00,0xC0,0x30,0x0C,0x03,0xFC,0xFF,0x80, // '2'
	0xFF,0x9F,0xD0,0x0C,0x03,0x00,0xC0,0x30,0x0C,0xFF,0x7F,0x8F,0xF0,0x0C,0x03,0x00,0xC0,0x30,0x0D,0xFD,0xFF,0x80, // '3'
	0x80,0x70,0x3C,0x0F,0x03,0xC0,0xF0,0x3B,0xFD,0xFE,0x3F,0xC0,0x30,0x0C,0x03,0x00,0xC0,0x30,0x04, // '4'
	0xFF,0xBF,0xCC,0x03,0x00,0xC0,0x30,0x0C,0x02,0xFC,0x7F,0x8F,0xF0,0x0C,0x03,0x00,0xC0,0x30,0x0D,0xFD,0xFF,0x80, // '5'
	0xFF,0xBF,0xCC,0x03,0x00,0xC0,0x30,0x0C,0x02,0xFC,0x7F,0xAF,0xFC,0x0F,0x03,0xC0,0xF0,0x3C,0x0F,0xFD,0xFF,0x80, // '6'
	0xFF,0xBF,0xDC,0x0F,0x03,0xC0,0xF0,0x3C,0x0E,0x03,0x00,0x00,0x30,0x0C,0x03,0x00,0xC0,0x30,0x0C,0x01, // '7'
	0xFF,0xBF,0xDC,0x0F,0x03,0xC0,0xF0,0x3C,0x0E,0xFF,0x7F,0xAF,0xFC,0x0F,0x03,0xC0,0xF0,0x3C,0x0F,0xFD,0xFF,0x80, // '8'
	0xFF,0xBF,0xDC,0x0F,0x03,0xC0,0xF0,0x3C,0x0E,0xFF,0x7F,0x8F,0xF0,0x0C,0x03,0x00,0xC0,0x30,0x0D,0xFD,0xFF,0x80, // '9'
	0xB0,0x02,0xC0, // ':'
	0xFC,0x63,0x18,0xC6,0x31,0x8C,0x63,0xF0, // ';'
	0xFC,0x63,0x18,0xC6,0x31,0x8C,0x63,0xF0, // '<'
	0xFC,0x63,0x18,0xC6,0x31,0x8C,0x63,0xF0, // '='
	0xFC,0x63,0x18,0xC6,0x31,0x8C,0x63,0xF0, // '>'
	0xFC,0x63,0x18,0xC6,0x31,0x8C,0x63,0xF0, // '?'
	0xFC,0x63,0x18,0xC6,0x31,0x8C,0x63,0xF0, // '@'
	0xFF,0xBF,0xDC,0x0F,0x03,0xC0,0xF0,0x3C,0x0E,0xFF,0x7F,0xAF,0xFC,0x0F,0x03,0xC0,0xF0,0x3C,0x0E,0x01, // 'A'
	0x80,0x30,0x0C,0x03,0x00,0xC0,0x30,0x0B,0xF1,0xFE,0xBF,0xF0,0x3C,0x0F,0x03,0xC0,0xF0,0x3F,0xF7,0xFE, // 'B'
	0x3F,0x3F,0xEF,0xD8,0x0C,0x06,0x03,0x01,0x80,0xFF,0x7F,0xC0, // 'C'
	0x00,0x40,0x30,0x0C,0x03,0x00,0xC0,0x33,0xFD,0xFE,0xBF,0xF0,0x3C,0x0F,0x03,0xC0,0xF0,0x3F,0xF7,0xFE, // 'D'
	0xFF,0xFF,0xB0,0x18,0x0C,0x06,0x03,0x01,0x7E,0x7F,0xDF,0xB0,0x18,0x0C,0x06,0x03,0x01,0xFE,0xFF,0x80, // 'E'
	0xFF,0xFF,0xB0,0x18,0x0C,0x06,0x03,0x01,0x7E,0x7F,0xDF,0xB0,0x18,0x0C,0x06,0x03,0x01,0x00, // 'F'
	0xFF,0xBF,0xCC,0x03,0x00,0xC0,0x30,0x0C,0x02,0x00,0x00,0x20,0x3C,0x0F,0x03,0xC0,0xF0,0x3C,0x0F,0xFD,0xFF,0x80, // 'G'
	0x80,0x30,0x0C,0x03,0x00,0xC0,0x30,0x0B,0xF1,0xFE,0xBF,0xF0,0x3C,0x0F,0x03,0xC0,0xF0,0x38,0x04, // 'H'
	0xFF,0xF4, // 'I'
	0x00,0x40,0x30,0x0C,0x03,0x00,0xC0,0x30,0x0C,0x00,0x80,0xF0,0x3C,0x0F,0x03,0xC0,0xF0,0x3F,0xF7,0xFE, // 'J'
	0xFF,0xBF,0xCC,0x03,0x00,0xC0,0x30,0x0C,0x02,0xFC,0x7F,0xAF,0xFC,0x0F,0x03,0xC0,0xF0,0x3C,0x0E,0x01, // 'K'
	0x80,0x60,0x30,0x18,0x0C,0x06,0x02,0x00,0x00,0x80,0x60,0x30,0x18,0x0C,0x06,0x03,0xFD,0xFF, // 'L'
	0xFF,0xBF,0xDC,0x0F,0x03,0xC0,0xF0,0x3C,0x0E,0x03,0x00,0x20,0x3C,0x0F,0x03,0xC0,0xF0,0x3C,0x0E,0x01, // 'M'
	0x3F,0x1F,0xEB,0xFF,0x03,0xC0,0xF0,0x3C,0x0F,0x03,0x80,0x40, // 'N'
	0x3F,0x1F,0xEB,0xFF,0x03,0xC0,0xF0,0x3C,0x0F,0x03,0xFF,0x7F,0xE0, // 'O'
	0xFF,0xBF,0xDC,0x0F,0x03,0xC0,0xF0,0x3C,0x0E,0xFF,0x7F,0xAF,0xCC,0x03,0x00,0xC0,0x30,0x0C,0x02,0x00, // 'P'
	0xFF,0xBF,0xDC,0x0F,0x03,0xC0,0xF0,0x3C,0x0E,0xFF,0x7F,0x8F,0xF0,0x0C,0x03,0x00,0xC0,0x30,0x0C,0x01, // 'Q'
	0x3F,0x3F,0xEF,0xD8,0x0C,0x06,0x03,0x01,0x80,0x80,0x00, // 'R'
	0x80,0x30,0x0C,0x03,0x00,0xC0,0x30,0x0B,0xF1,0xFE,0x3F,0xC0,0x30,0x0C,0x03,0x00,0xC0,0x37,0xF7,0xFE, // 'S'
	0x80,0x60,0x30,0x18,0x0C,0x06,0x02,0xFC,0xFF,0xBF,0x60,0x30,0x18,0x0C,0x06,0x03,0xFD,0xFF, // 'T'
	0x80,0xF0,0x3C,0x0F,0x03,0xC0,0xF0,0x3F,0xF7,0xFE, // 'U'
	0x80,0x70,0x3C,0x0F,0x03,0xC0,0xF0,0x38,0x0C,0x00,0x80,0xF0,0x3C,0x0F,0x03,0xC0,0xF0,0x3F,0xF7,0xFE, // 'V'
	0x80,0x70,0x3C,0x0F,0x03,0xC0,0xF0,0x3B,0xFD,0xFE,0xBF,0xF0,0x3C,0x0F,0x03,0xC0,0xF0,0x3F,0xF7,0xFE, // 'W'
	0x80,0x70,0x3C,0x0F,0x03,0xC0,0xF0,0x3B,0xFD,0xFE,0xBF,0xF0,0x3C,0x0F,0x03,0xC0,0xF0,0x38,0x04, // 'X'
	0x80,0x70,0x3C,0x0F,0x03,0xC0,0xF0,0x3B,0xFD,0xFE,0x3F,0xC0,0x30,0x0C,0x03,0x00,0xC0,0x37,0xF7,0xFE, // 'Y'
	0xFF,0x9F,0xD0,0x0C,0x03,0x00,0xC0,0x30,0x0C,0x03,0x00,0x20,0x0C,0x03,0x00,0xC0,0x30,0x0C,0x03,0xFC,0xFF,0x80, // 'Z'
	0xFC,0x63,0x18,0xC6,0x31,0x8C,0x63,0xF0, // '['
	0xFC,0x63,0x18,0xC6,0x31,0x8C,0x63,0xF0, // '\'
	0xFC,0x63,0x18,0xC6,0x31,0x8C,0x63,0xF0, // ']'
	0xFC,0x63,0x18,0xC6,0x31,0x8C,0x63,0xF0, // '^'
	0xFC,0x63,0x18,0xC6,0x31,0x8C,0x63,0xF0, // '_'
	0xFC,0x63,0x18,0xC6,0x31,0x8C,0x63,0xF0, // '`'
	0xFF,0xBF,0xDC,0x0F,0x03,0xC0,0xF0,0x3C,0x0E,0xFF,0x7F,0xAF,0xFC,0x0F,0x03,0xC0,0xF0,0x3C,0x0E,0x01, // 'a'
	0x80,0x30,0x0C,0x03,0x00,0xC0,0x30,0x0B,0xF1,0xFE,0xBF,0xF0,0x3C,0x0F,0x03,0xC0,0xF0,0x3F,0xF7,0xFE, // 'b'
	0x3F,0x3F,0xEF,0xD8,0x0C,0x06,0x03,0x01,0x80,0xFF,0x7F,0xC0, // 'c'
	0x00,0x40,0x30,0x0C,0x03,0x00,0xC0,0x33,0xFD,0xFE,0xBF,0xF0,0x3C,0x0F,0x03,0xC0,0xF0,0x3F,0xF7,0xFE, // 'd'
	0xFF,0xFF,0xB0,0x18,0x0C,0x06,0x03,0x01,0x7E,0x7F,0xDF,0xB0,0x18,0x0C,0x06,0x03,0x01,0xFE,0xFF,0x80, // 'e'
	0xFF,0xFF,0xB0,0x18,0x0C,0x06,0x03,0x01,0x7E,0x7F,0xDF,0xB0,0x18,0x0C,0x06,0x03,0x01,0x00, // 'f'
	0xFF,0xBF,0xCC,0x03,0x00,0xC0,0x30,0x0C,0x02,0x00,0x00,0x20,0x3C,0x0F,0x03,0xC0,0xF0,0x3C,0x0F,0xFD,0xFF,0x80, // 'g'
	0x80,0x30,0x0C,0x03,0x00,0xC0,0x30,0x0B,0xF1,0xFE,0xBF,0xF0,0x3C,0x0F,0x03,0xC0,0xF0,0x38,0x04, // 'h'
	0xFF,0xF4, // 'i'
	0x00,0x40,0x30,0x0C,0x03,0x00,0xC0,0x30,0x0C,0x00,0x80,0xF0,0x3C,0x0F,0x03,0xC0,0xF0,0x3F,0xF7,0xFE, // 'j'
	0xFF,0xBF,0xCC,0x03,0x00,0xC0,0x30,0x0C,0x02,0xFC,0x7F,0xAF,0xFC,0x0F,0x03,0xC0,0xF0,0x3C,0x0E,0x01, // 'k'
	0x80,0x60,0x30,0x18,0x0C,0x06,0x02,0x00,0x00,0x80,0x60,0x30,0x18,0x0C,0x06,0x03,0xFD,0xFF, // 'l'
	0xFF,0xBF,0xDC,0x0F,0x03,0xC0,0xF0,0x3C,0x0E,0x03,0x00,0x20,0x3C,0x0F,0x03,0xC0,0xF0,0x3C,0x0E,0x01, // 'm'
	0x3F,0x1F,0xEB,0xFF,0x03,0xC0,0xF0,0x3C,0x0F,0x03,0x80,0x40, // 'n'
	0x3F,0x1F,0xEB,0xFF,0x03,0xC0,0xF0,0x3C,0x0F,0x03,0xFF,0x7F,0xE0, // 'o'
	0xFF,0xBF,0xDC,0x0F,0x03,0xC0,0xF0,0x3C,0x0E,0xFF,0x7F,0xAF,0xCC,0x03,0x00,0xC0,0x30,0x0C,0x02,0x00, // 'p'
	0xFF,0xBF,0xDC,0x0F,0x03,0xC0,0xF0,0x3C,0x0E,0xFF,0x7F,0x8F,0xF0,0x0C,0x03,0x00,0xC0,0x30,0x0C,0x01, // 'q'
	0x3F,0x3F,0xEF,0xD8,0x0C,0x06,0x03,0x01,0x80,0x80,0x00, // 'r'
	0x80,0x30,0x0C,0x03,0x00,0xC0,0x30,0x0B,0xF1,0xFE,0x3F,0xC0,0x30,0x0C,0x03,0x00,0xC0,0x37,0xF7,0xFE, // 's'
	0x80,0x60,0x30,0x18,0x0C,0x06,0x02,0xFC,0xFF,0xBF,0x60,0x30,0x18,0x0C,0x06,0x03,0xFD,0xFF, // 't'
	0x80,0xF0,0x3C,0x0F,0x03,0xC0,0xF0,0x3F,0xF7,0xFE, // 'u'
	0x80,0x70,0x3C,0x0F,0x03,0xC0,0xF0,0x38,0x0C,0x00,0x80,0xF0,0x3C,0x0F,0x03,0xC0,0xF0,0x3F,0xF7,0xFE, // 'v'
	0x80,0x70,0x3C,0x0F,0x03,0xC0,0xF0,0x3B,0xFD,0xFE,0xBF,0xF0,0x3C,0x0F,0x03,0xC0,0xF0,0x3F,0xF7,0xFE, // 'w'
	0x80,0x70,0x3C,0x0F,0x03,0xC0,0xF0,0x3B,0xFD,0xFE,0xBF,0xF0,0x3C,0x0F,0x03,0xC0,0xF0,0x38,0x04, // 'x'
	0x80,0x70,0x3C,0x0F,0x03,0xC0,0xF0,0x3B,0xFD,0xFE,0x3F,0xC0,0x30,0x0C,0x03,0x00,0xC0,0x37,0xF7,0xFE, // 'y'
	0xFF,0x9F,0xD0,0x0C,0x03,0x00,0xC0,0x30,0x0C,0x03,0x00,0x20,0x0C,0x03,0x00,0xC0,0x30,0x0C,0x03,0xFC,0xFF,0x80, // 'z'
	0xFC,0x63,0x18,0xC6,0x31,0x8C,0x63,0xF0, // '{'
	0xFC,0x63,0x18,0xC6,0x31,0x8C,0x63,0xF0, // '|'
	0xFC,0x63,0x18,0xC6,0x31,0x8C,0x63,0xF0 // '}'
};
const GFXglyph DSEG7_Classic_Bold_17Glyphs[] PROGMEM = {
// bitmapOffset, width, height, xAdvance, xOffset, yOffset
	  {     0,   1,   1,   4,    0,   -1 }, // ' '
	  {     1,   1,   1,  15,    0,   -1 }, // '!'
	  {     2,   5,  12,   7,    1,  -12 }, // '"'
	  {    10,   5,  12,   7,    1,  -12 }, // '#'
	  {    18,   5,  12,   7,    1,  -12 }, // '$'
	  {    26,   5,  12,   7,    1,  -12 }, // '%'
	  {    34,   5,  12,   7,    1,  -12 }, // '&'
	  {    42,   5,  12,   7,    1,  -12 }, // '''
	  {    50,   5,  12,   7,    1,  -12 }, // '('
	  {    58,   5,  12,   7,    1,  -12 }, // ')'
	  {    66,   5,  12,   7,    1,  -12 }, // '*'
	  {    74,   5,  12,   7,    1,  -12 }, // '+'
	  {    82,   5,  12,   7,    1,  -12 }, // ','
	  {    90,   8,   3,  15,    3,  -10 }, // '-'
	  {    93,   2,   2,   1,   -1,   -2 }, // '.'
	  {    94,   5,  12,   7,    1,  -12 }, // '/'
	  {   102,  10,  17,  15,    2,  -17 }, // '0'
	  {   124,   2,  15,  15,   10,  -16 }, // '1'
	  {   128,  10,  17,  15,    2,  -17 }, // '2'
	  {   150,  10,  17,  15,    2,  -17 }, // '3'
	  {   172,  10,  15,  15,    2,  -16 }, // '4'
	  {   191,  10,  17,  15,    2,  -17 }, // '5'
	  {   213,  10,  17,  15,    2,  -17 }, // '6'
	  {   235,  10,  16,  15,    2,  -17 }, // '7'
	  {   255,  10,  17,  15,    2,  -17 }, // '8'
	  {   277,  10,  17,  15,    2,  -17 }, // '9'
	  {   299,   2,   9,   4,    1,  -13 }, // ':'
	  {   302,   5,  12,   7,    1,  -12 }, // ';'
	  {   310,   5,  12,   7,    1,  -12 }, // '<'
	  {   318,   5,  12,   7,    1,  -12 }, // '='
	  {   326,   5,  12,   7,    1,  -12 }, // '>'
	  {   334,   5,  12,   7,    1,  -12 }, // '?'
	  {   342,   5,  12,   7,    1,  -12 }, // '@'
	  {   350,  10,  16,  15,    2,  -17 }, // 'A'
	  {   370,  10,  16,  15,    2,  -16 }, // 'B'
	  {   390,   9,  10,  15,    2,  -10 }, // 'C'
	  {   402,  10,  16,  15,    2,  -16 }, // 'D'
	  {   422,   9,  17,  15,    2,  -17 }, // 'E'
	  {   442,   9,  16,  15,    2,  -17 }, // 'F'
	  {   460,  10,  17,  15,    2,  -17 }, // 'G'
	  {   482,  10,  15,  15,    2,  -16 }, // 'H'
	  {   501,   2,   7,  15,   10,   -8 }, // 'I'
	  {   503,  10,  16,  15,    2,  -16 }, // 'J'
	  {   523,  10,  16,  15,    2,  -17 }, // 'K'
	  {   543,   9,  16,  15,    2,  -16 }, // 'L'
	  {   561,  10,  16,  15,    2,  -17 }, // 'M'
	  {   581,  10,   9,  15,    2,  -10 }, // 'N'
	  {   593,  10,  10,  15,    2,  -10 }, // 'O'
	  {   606,  10,  16,  15,    2,  -17 }, // 'P'
	  {   626,  10,  16,  15,    2,  -17 }, // 'Q'
	  {   646,   9,   9,  15,    2,  -10 }, // 'R'
	  {   657,  10,  16,  15,    2,  -16 }, // 'S'
	  {   677,   9,  16,  15,    2,  -16 }, // 'T'
	  {   695,  10,   8,  15,    2,   -8 }, // 'U'
	  {   705,  10,  16,  15,    2,  -16 }, // 'V'
	  {   725,  10,  16,  15,    2,  -16 }, // 'W'
	  {   745,  10,  15,  15,    2,  -16 }, // 'X'
	  {   764,  10,  16,  15,    2,  -16 }, // 'Y'
	  {   784,  10,  17,  15,    2,  -17 }, // 'Z'
	  {   806,   5,  12,   7,    1,  -12 }, // '['
	  {   814,   5,  12,   7,    1,  -12 }, // '\'
	  {   822,   5,  12,   7,    1,  -12 }, // ']'
	  {   830,   5,  12,   7,    1,  -12 }, // '^'
	  {   838,   5,  12,   7,    1,  -12 }, // '_'
	  {   846,   5,  12,   7,    1,  -12 }, // '`'
	  {   854,  10,  16,  15,    2,  -17 }, // 'a'
	  {   874,  10,  16,  15,    2,  -16 }, // 'b'
	  {   894,   9,  10,  15,    2,  -10 }, // 'c'
	  {   906,  10,  16,  15,    2,  -16 }, // 'd'
	  {   926,   9,  17,  15,    2,  -17 }, // 'e'
	  {   946,   9,  16,  15,    2,  -17 }, // 'f'
	  {   964,  10,  17,  15,    2,  -17 }, // 'g'
	  {   986,  10,  15,  15,    2,  -16 }, // 'h'
	  {  1005,   2,   7,  15,   10,   -8 }, // 'i'
	  {  1007,  10,  16,  15,    2,  -16 }, // 'j'
	  {  1027,  10,  16,  15,    2,  -17 }, // 'k'
	  {  1047,   9,  16,  15,    2,  -16 }, // 'l'
	  {  1065,  10,  16,  15,    2,  -17 }, // 'm'
	  {  1085,  10,   9,  15,    2,  -10 }, // 'n'
	  {  1097,  10,  10,  15,    2,  -10 }, // 'o'
	  {  1110,  10,  16,  15,    2,  -17 }, // 'p'
	  {  1130,  10,  16,  15,    2,  -17 }, // 'q'
	  {  1150,   9,   9,  15,    2,  -10 }, // 'r'
	  {  1161,  10,  16,  15,    2,  -16 }, // 's'
	  {  1181,   9,  16,  15,    2,  -16 }, // 't'
	  {  1199,  10,   8,  15,    2,   -8 }, // 'u'
	  {  1209,  10,  16,  15,    2,  -16 }, // 'v'
	  {  1229,  10,  16,  15,    2,  -16 }, // 'w'
	  {  1249,  10,  15,  15,    2,  -16 }, // 'x'
	  {  1268,  10,  16,  15,    2,  -16 }, // 'y'
	  {  1288,  10,  17,  15,    2,  -17 }, // 'z'
	  {  1310,   5,  12,   7,    1,  -12 }, // '{'
	  {  1318,   5,  12,   7,    1,  -12 }, // '|'
	  {  1326,   5,  12,   7,    1,  -12 } // '}'
};
const GFXfont DSEG7_Classic_Bold_17 PROGMEM = {
(uint8_t  *)DSEG7_Classic_Bold_17Bitmaps,(GFXglyph *)DSEG7_Classic_Bold_17Glyphs,0x20, 0x7E, 19};

// Created by http://oleddisplay.squix.ch/ Consider a donation
// In case of problems make sure that you are using the font file with the correct version!
const uint8_t DSEG7_Classic_Bold_12Bitmaps[] PROGMEM = {

	// Bitmap Data:
	0x00, // ' '
	0x00, // '!'
	0xF9,0x99,0x99,0x99,0xF0, // '"'
	0xF9,0x99,0x99,0x99,0xF0, // '#'
	0xF9,0x99,0x99,0x99,0xF0, // '$'
	0xF9,0x99,0x99,0x99,0xF0, // '%'
	0xF9,0x99,0x99,0x99,0xF0, // '&'
	0xF9,0x99,0x99,0x99,0xF0, // '''
	0xF9,0x99,0x99,0x99,0xF0, // '('
	0xF9,0x99,0x99,0x99,0xF0, // ')'
	0xF9,0x99,0x99,0x99,0xF0, // '*'
	0xF9,0x99,0x99,0x99,0xF0, // '+'
	0xF9,0x99,0x99,0x99,0xF0, // ','
	0x79,0xE0, // '-'
	0xC0, // '.'
	0xF9,0x99,0x99,0x99,0xF0, // '/'
	0x7E,0xC3,0xC3,0xC3,0xC3,0x81,0x81,0xC3,0xC3,0xC3,0xC3,0x7E, // '0'
	0xFF,0x5F,0xF0, // '1'
	0x7E,0x03,0x03,0x03,0x03,0x3D,0xBC,0xC0,0xC0,0xC0,0xC0,0x7E, // '2'
	0xFC,0x0C,0x18,0x30,0x6F,0x5E,0x83,0x06,0x0C,0x1F,0xE0, // '3'
	0xC3,0xC3,0xC3,0xC3,0xBD,0x3D,0x03,0x03,0x03,0x03, // '4'
	0x7E,0xC0,0xC0,0xC0,0xC0,0xBC,0x3D,0x03,0x03,0x03,0x03,0x7E, // '5'
	0x7E,0xC0,0xC0,0xC0,0xC0,0xBC,0xBD,0xC3,0xC3,0xC3,0xC3,0x7E, // '6'
	0x7E,0xC3,0xC3,0xC3,0xC3,0x81,0x01,0x03,0x03,0x03,0x03, // '7'
	0x7E,0xC3,0xC3,0xC3,0xC3,0xBD,0xBD,0xC3,0xC3,0xC3,0xC3,0x7E, // '8'
	0x7E,0xC3,0xC3,0xC3,0xC3,0xBD,0x3D,0x03,0x03,0x03,0x03,0x7E, // '9'
	0xC0,0x30, // ':'
	0xF9,0x99,0x99,0x99,0xF0, // ';'
	0xF9,0x99,0x99,0x99,0xF0, // '<'
	0xF9,0x99,0x99,0x99,0xF0, // '='
	0xF9,0x99,0x99,0x99,0xF0, // '>'
	0xF9,0x99,0x99,0x99,0xF0, // '?'
	0xF9,0x99,0x99,0x99,0xF0, // '@'
	0x7E,0xC3,0xC3,0xC3,0xC3,0xBD,0xBD,0xC3,0xC3,0xC3,0xC3, // 'A'
	0xC0,0xC0,0xC0,0xC0,0xBC,0xBD,0xC3,0xC3,0xC3,0xC3,0x7E, // 'B'
	0x3D,0x7B,0x06,0x0C,0x18,0x1F,0x80, // 'C'
	0x03,0x03,0x03,0x03,0x3D,0xBD,0xC3,0xC3,0xC3,0xC3,0x7E, // 'D'
	0x7F,0x83,0x06,0x0C,0x17,0xAF,0x60,0xC1,0x83,0x03,0xF0, // 'E'
	0x7F,0x83,0x06,0x0C,0x17,0xAF,0x60,0xC1,0x83,0x00, // 'F'
	0x7E,0xC0,0xC0,0xC0,0xC0,0x80,0x81,0xC3,0xC3,0xC3,0xC3,0x7E, // 'G'
	0xC0,0xC0,0xC0,0xC0,0xBC,0xBD,0xC3,0xC3,0xC3,0xC3, // 'H'
	0x7F,0xC0, // 'I'
	0x03,0x03,0x03,0x03,0x01,0x81,0xC3,0xC3,0xC3,0xC3,0x7E, // 'J'
	0x7E,0xC0,0xC0,0xC0,0xC0,0xBC,0xBD,0xC3,0xC3,0xC3,0xC3, // 'K'
	0xC1,0x83,0x06,0x08,0x10,0x30,0x60,0xC1,0x81,0xF8, // 'L'
	0x7E,0xC3,0xC3,0xC3,0xC3,0x81,0x81,0xC3,0xC3,0xC3,0xC3, // 'M'
	0x3C,0xBD,0xC3,0xC3,0xC3,0xC3, // 'N'
	0x3C,0xBD,0xC3,0xC3,0xC3,0xC3,0x7E, // 'O'
	0x7E,0xC3,0xC3,0xC3,0xC3,0xBD,0xBC,0xC0,0xC0,0xC0,0xC0, // 'P'
	0x7E,0xC3,0xC3,0xC3,0xC3,0xBD,0x3D,0x03,0x03,0x03,0x03, // 'Q'
	0x3D,0x7B,0x06,0x0C,0x18,0x00, // 'R'
	0xC0,0xC0,0xC0,0xC0,0xBC,0x3D,0x03,0x03,0x03,0x03,0x7E, // 'S'
	0xC1,0x83,0x06,0x0B,0xD7,0xB0,0x60,0xC1,0x81,0xF8, // 'T'
	0x81,0xC3,0xC3,0xC3,0xC3,0x7E, // 'U'
	0xC3,0xC3,0xC3,0xC3,0x81,0x81,0xC3,0xC3,0xC3,0xC3,0x7E, // 'V'
	0xC3,0xC3,0xC3,0xC3,0xBD,0xBD,0xC3,0xC3,0xC3,0xC3,0x7E, // 'W'
	0xC3,0xC3,0xC3,0xC3,0xBD,0xBD,0xC3,0xC3,0xC3,0xC3, // 'X'
	0xC3,0xC3,0xC3,0xC3,0xBD,0x3D,0x03,0x03,0x03,0x03,0x7E, // 'Y'
	0x7E,0x03,0x03,0x03,0x03,0x01,0x80,0xC0,0xC0,0xC0,0xC0,0x7E, // 'Z'
	0xF9,0x99,0x99,0x99,0xF0, // '['
	0xF9,0x99,0x99,0x99,0xF0, // '\'
	0xF9,0x99,0x99,0x99,0xF0, // ']'
	0xF9,0x99,0x99,0x99,0xF0, // '^'
	0xF9,0x99,0x99,0x99,0xF0, // '_'
	0xF9,0x99,0x99,0x99,0xF0, // '`'
	0x7E,0xC3,0xC3,0xC3,0xC3,0xBD,0xBD,0xC3,0xC3,0xC3,0xC3, // 'a'
	0xC0,0xC0,0xC0,0xC0,0xBC,0xBD,0xC3,0xC3,0xC3,0xC3,0x7E, // 'b'
	0x3D,0x7B,0x06,0x0C,0x18,0x1F,0x80, // 'c'
	0x03,0x03,0x03,0x03,0x3D,0xBD,0xC3,0xC3,0xC3,0xC3,0x7E, // 'd'
	0x7F,0x83,0x06,0x0C,0x17,0xAF,0x60,0xC1,0x83,0x03,0xF0, // 'e'
	0x7F,0x83,0x06,0x0C,0x17,0xAF,0x60,0xC1,0x83,0x00, // 'f'
	0x7E,0xC0,0xC0,0xC0,0xC0,0x80,0x81,0xC3,0xC3,0xC3,0xC3,0x7E, // 'g'
	0xC0,0xC0,0xC0,0xC0,0xBC,0xBD,0xC3,0xC3,0xC3,0xC3, // 'h'
	0x7F,0xC0, // 'i'
	0x03,0x03,0x03,0x03,0x01,0x81,0xC3,0xC3,0xC3,0xC3,0x7E, // 'j'
	0x7E,0xC0,0xC0,0xC0,0xC0,0xBC,0xBD,0xC3,0xC3,0xC3,0xC3, // 'k'
	0xC1,0x83,0x06,0x08,0x10,0x30,0x60,0xC1,0x81,0xF8, // 'l'
	0x7E,0xC3,0xC3,0xC3,0xC3,0x81,0x81,0xC3,0xC3,0xC3,0xC3, // 'm'
	0x3C,0xBD,0xC3,0xC3,0xC3,0xC3, // 'n'
	0x3C,0xBD,0xC3,0xC3,0xC3,0xC3,0x7E, // 'o'
	0x7E,0xC3,0xC3,0xC3,0xC3,0xBD,0xBC,0xC0,0xC0,0xC0,0xC0, // 'p'
	0x7E,0xC3,0xC3,0xC3,0xC3,0xBD,0x3D,0x03,0x03,0x03,0x03, // 'q'
	0x3D,0x7B,0x06,0x0C,0x18,0x00, // 'r'
	0xC0,0xC0,0xC0,0xC0,0xBC,0x3D,0x03,0x03,0x03,0x03,0x7E, // 's'
	0xC1,0x83,0x06,0x0B,0xD7,0xB0,0x60,0xC1,0x81,0xF8, // 't'
	0x81,0xC3,0xC3,0xC3,0xC3,0x7E, // 'u'
	0xC3,0xC3,0xC3,0xC3,0x81,0x81,0xC3,0xC3,0xC3,0xC3,0x7E, // 'v'
	0xC3,0xC3,0xC3,0xC3,0xBD,0xBD,0xC3,0xC3,0xC3,0xC3,0x7E, // 'w'
	0xC3,0xC3,0xC3,0xC3,0xBD,0xBD,0xC3,0xC3,0xC3,0xC3, // 'x'
	0xC3,0xC3,0xC3,0xC3,0xBD,0x3D,0x03,0x03,0x03,0x03,0x7E, // 'y'
	0x7E,0x03,0x03,0x03,0x03,0x01,0x80,0xC0,0xC0,0xC0,0xC0,0x7E, // 'z'
	0xF9,0x99,0x99,0x99,0xF0, // '{'
	0xF9,0x99,0x99,0x99,0xF0, // '|'
	0xF9,0x99,0x99,0x99,0xF0 // '}'
};
const GFXglyph DSEG7_Classic_Bold_12Glyphs[] PROGMEM = {
// bitmapOffset, width, height, xAdvance, xOffset, yOffset
	  {     0,   1,   1,   3,    0,   -1 }, // ' '
	  {     1,   1,   1,  11,    0,   -1 }, // '!'
	  {     2,   4,   9,   5,    0,   -9 }, // '"'
	  {     7,   4,   9,   5,    0,   -9 }, // '#'
	  {    12,   4,   9,   5,    0,   -9 }, // '$'
	  {    17,   4,   9,   5,    0,   -9 }, // '%'
	  {    22,   4,   9,   5,    0,   -9 }, // '&'
	  {    27,   4,   9,   5,    0,   -9 }, // '''
	  {    32,   4,   9,   5,    0,   -9 }, // '('
	  {    37,   4,   9,   5,    0,   -9 }, // ')'
	  {    42,   4,   9,   5,    0,   -9 }, // '*'
	  {    47,   4,   9,   5,    0,   -9 }, // '+'
	  {    52,   4,   9,   5,    0,   -9 }, // ','
	  {    57,   6,   2,  11,    2,   -7 }, // '-'
	  {    59,   2,   1,   1,   -1,   -1 }, // '.'
	  {    60,   4,   9,   5,    0,   -9 }, // '/'
	  {    65,   8,  12,  11,    1,  -12 }, // '0'
	  {    77,   2,  10,  11,    7,  -11 }, // '1'
	  {    80,   8,  12,  11,    1,  -12 }, // '2'
	  {    92,   7,  12,  11,    2,  -12 }, // '3'
	  {   103,   8,  10,  11,    1,  -11 }, // '4'
	  {   113,   8,  12,  11,    1,  -12 }, // '5'
	  {   125,   8,  12,  11,    1,  -12 }, // '6'
	  {   137,   8,  11,  11,    1,  -12 }, // '7'
	  {   148,   8,  12,  11,    1,  -12 }, // '8'
	  {   160,   8,  12,  11,    1,  -12 }, // '9'
	  {   172,   2,   6,   3,    0,   -9 }, // ':'
	  {   174,   4,   9,   5,    0,   -9 }, // ';'
	  {   179,   4,   9,   5,    0,   -9 }, // '<'
	  {   184,   4,   9,   5,    0,   -9 }, // '='
	  {   189,   4,   9,   5,    0,   -9 }, // '>'
	  {   194,   4,   9,   5,    0,   -9 }, // '?'
	  {   199,   4,   9,   5,    0,   -9 }, // '@'
	  {   204,   8,  11,  11,    1,  -12 }, // 'A'
	  {   215,   8,  11,  11,    1,  -11 }, // 'B'
	  {   226,   7,   7,  11,    1,   -7 }, // 'C'
	  {   233,   8,  11,  11,    1,  -11 }, // 'D'
	  {   244,   7,  12,  11,    1,  -12 }, // 'E'
	  {   255,   7,  11,  11,    1,  -12 }, // 'F'
	  {   265,   8,  12,  11,    1,  -12 }, // 'G'
	  {   277,   8,  10,  11,    1,  -11 }, // 'H'
	  {   287,   2,   5,  11,    7,   -6 }, // 'I'
	  {   289,   8,  11,  11,    1,  -11 }, // 'J'
	  {   300,   8,  11,  11,    1,  -12 }, // 'K'
	  {   311,   7,  11,  11,    1,  -11 }, // 'L'
	  {   321,   8,  11,  11,    1,  -12 }, // 'M'
	  {   332,   8,   6,  11,    1,   -7 }, // 'N'
	  {   338,   8,   7,  11,    1,   -7 }, // 'O'
	  {   345,   8,  11,  11,    1,  -12 }, // 'P'
	  {   356,   8,  11,  11,    1,  -12 }, // 'Q'
	  {   367,   7,   6,  11,    1,   -7 }, // 'R'
	  {   373,   8,  11,  11,    1,  -11 }, // 'S'
	  {   384,   7,  11,  11,    1,  -11 }, // 'T'
	  {   394,   8,   6,  11,    1,   -6 }, // 'U'
	  {   400,   8,  11,  11,    1,  -11 }, // 'V'
	  {   411,   8,  11,  11,    1,  -11 }, // 'W'
	  {   422,   8,  10,  11,    1,  -11 }, // 'X'
	  {   432,   8,  11,  11,    1,  -11 }, // 'Y'
	  {   443,   8,  12,  11,    1,  -12 }, // 'Z'
	  {   455,   4,   9,   5,    0,   -9 }, // '['
	  {   460,   4,   9,   5,    0,   -9 }, // '\'
	  {   465,   4,   9,   5,    0,   -9 }, // ']'
	  {   470,   4,   9,   5,    0,   -9 }, // '^'
	  {   475,   4,   9,   5,    0,   -9 }, // '_'
	  {   480,   4,   9,   5,    0,   -9 }, // '`'
	  {   485,   8,  11,  11,    1,  -12 }, // 'a'
	  {   496,   8,  11,  11,    1,  -11 }, // 'b'
	  {   507,   7,   7,  11,    1,   -7 }, // 'c'
	  {   514,   8,  11,  11,    1,  -11 }, // 'd'
	  {   525,   7,  12,  11,    1,  -12 }, // 'e'
	  {   536,   7,  11,  11,    1,  -12 }, // 'f'
	  {   546,   8,  12,  11,    1,  -12 }, // 'g'
	  {   558,   8,  10,  11,    1,  -11 }, // 'h'
	  {   568,   2,   5,  11,    7,   -6 }, // 'i'
	  {   570,   8,  11,  11,    1,  -11 }, // 'j'
	  {   581,   8,  11,  11,    1,  -12 }, // 'k'
	  {   592,   7,  11,  11,    1,  -11 }, // 'l'
	  {   602,   8,  11,  11,    1,  -12 }, // 'm'
	  {   613,   8,   6,  11,    1,   -7 }, // 'n'
	  {   619,   8,   7,  11,    1,   -7 }, // 'o'
	  {   626,   8,  11,  11,    1,  -12 }, // 'p'
	  {   637,   8,  11,  11,    1,  -12 }, // 'q'
	  {   648,   7,   6,  11,    1,   -7 }, // 'r'
	  {   654,   8,  11,  11,    1,  -11 }, // 's'
	  {   665,   7,  11,  11,    1,  -11 }, // 't'
	  {   675,   8,   6,  11,    1,   -6 }, // 'u'
	  {   681,   8,  11,  11,    1,  -11 }, // 'v'
	  {   692,   8,  11,  11,    1,  -11 }, // 'w'
	  {   703,   8,  10,  11,    1,  -11 }, // 'x'
	  {   713,   8,  11,  11,    1,  -11 }, // 'y'
	  {   724,   8,  12,  11,    1,  -12 }, // 'z'
	  {   736,   4,   9,   5,    0,   -9 }, // '{'
	  {   741,   4,   9,   5,    0,   -9 }, // '|'
	  {   746,   4,   9,   5,    0,   -9 } // '}'
};
const GFXfont DSEG7_Classic_Bold_12 PROGMEM = {
(uint8_t  *)DSEG7_Classic_Bold_12Bitmaps,(GFXglyph *)DSEG7_Classic_Bold_12Glyphs,0x20, 0x7E, 14};